#ratio0,
0.0000000000000000
0.0000000000000000
0.5000000000000000
0.3333333333333333
0.2500000000000000
0.2000000000000000
0.1666666666666667
0.1428571428571428
0.1250000000000000
0.1111111111111111
0.1000000000000000
0.0909090909090909
0.0833333333333333
0.0769230769230769
0.0714285714285714
0.0666666666666667
0.0625000000000000
0.0588235294117647
0.0555555555555556
0.0526315789473684
0.0500000000000000
0.0476190476190476
0.0454545454545455
0.0434782608695652
0.0416666666666667
0.0400000000000000
0.0384615384615385
0.0370370370370370
0.0357142857142857
0.0344827586206897
0.0333333333333333
0.0322580645161290
0.0312500000000000
0.0606060606060606
0.0588235294117647
0.0571428571428571
0.0555555555555556
0.0540540540540541
0.0526315789473684
0.0512820512820513
0.0500000000000000
0.0487804878048781
0.0476190476190476
0.0465116279069767
0.0454545454545455
0.0444444444444444
0.0434782608695652
0.0425531914893617
0.0416666666666667
0.0408163265306122
0.0400000000000000
0.0392156862745098
0.0384615384615385
0.0377358490566038
0.0370370370370370
0.0363636363636364
0.0357142857142857
0.0350877192982456
0.0344827586206897
0.0338983050847458
0.0333333333333333
0.0327868852459016
0.0322580645161290
0.0317460317460317
0.0312500000000000
0.0307692307692308
0.0303030303030303
0.0298507462686567
0.0294117647058824
0.0289855072463768
0.0285714285714286
0.0281690140845070
0.0277777777777778
0.0273972602739726
0.0270270270270270
0.0266666666666667
0.0263157894736842
0.0259740259740260
0.0256410256410256
0.0253164556962025
0.0250000000000000
0.0246913580246914
0.0243902439024390
0.0240963855421687
0.0238095238095238
0.0235294117647059
0.0232558139534884
0.0229885057471264
0.0227272727272727
0.0224719101123595
0.0222222222222222
0.0219780219780220
0.0217391304347826
0.0215053763440860
0.0212765957446809
0.0315789473684211
0.0312500000000000
0.0309278350515464
0.0306122448979592
0.0303030303030303
0.0300000000000000
0.0297029702970297
0.0294117647058824
0.0291262135922330
0.0288461538461538
0.0285714285714286
0.0283018867924528
0.0280373831775701
0.0277777777777778
0.0275229357798165
0.0272727272727273
0.0270270270270270
0.0267857142857143
0.0265486725663717
0.0263157894736842
0.0260869565217391
0.0258620689655172
0.0256410256410256
0.0254237288135593
0.0252100840336134
0.0250000000000000
0.0247933884297521
0.0245901639344262
0.0243902439024390
0.0241935483870968
0.0240000000000000
0.0238095238095238
0.0236220472440945
0.0234375000000000
0.0232558139534884
0.0230769230769231
0.0229007633587786
0.0227272727272727
0.0225563909774436
0.0223880597014925
0.0222222222222222
0.0220588235294118
0.0218978102189781
0.0217391304347826
0.0215827338129496
0.0214285714285714
0.0212765957446809
0.0211267605633803
0.0209790209790210
0.0208333333333333
0.0206896551724138
0.0205479452054795
0.0204081632653061
0.0202702702702703
0.0201342281879195
0.0200000000000000
0.0198675496688742
0.0197368421052632
0.0196078431372549
0.0194805194805195
0.0193548387096774
0.0192307692307692
0.0191082802547771
0.0189873417721519
0.0188679245283019
0.0187500000000000
0.0186335403726708
0.0185185185185185
0.0184049079754601
0.0182926829268293
0.0181818181818182
0.0180722891566265
0.0179640718562874
0.0178571428571429
0.0177514792899408
0.0176470588235294
0.0175438596491228
0.0174418604651163
0.0173410404624277
0.0172413793103448
0.0171428571428571
0.0170454545454545
0.0169491525423729
0.0168539325842697
0.0167597765363128
0.0166666666666667
0.0165745856353591
0.0164835164835165
0.0163934426229508
0.0163043478260870
0.0162162162162162
0.0161290322580645
0.0160427807486631
0.0159574468085106
0.0158730158730159
0.0157894736842105
0.0157068062827225
0.0156250000000000
0.0155440414507772
0.0154639175257732
0.0153846153846154
0.0153061224489796
0.0152284263959391
0.0151515151515152
0.0150753768844221
0.0150000000000000
0.0149253731343284
0.0148514851485149
0.0147783251231527
0.0147058823529412
0.0146341463414634
0.0145631067961165
0.0144927536231884
0.0144230769230769
0.0143540669856459
0.0142857142857143
0.0142180094786730
0.0141509433962264
0.0140845070422535
0.0140186915887850
0.0139534883720930
0.0138888888888889
0.0138248847926267
0.0137614678899083
0.0136986301369863
0.0136363636363636
0.0135746606334842
0.0135135135135135
0.0134529147982063
0.0133928571428571
0.0133333333333333
0.0132743362831858
0.0132158590308370
0.0131578947368421
0.0131004366812227
0.0130434782608696
0.0129870129870130
0.0129310344827586
0.0128755364806867
0.0128205128205128
0.0127659574468085
0.0127118644067797
0.0126582278481013
0.0126050420168067
0.0125523012552301
0.0125000000000000
0.0124481327800830
0.0123966942148760
0.0123456790123457
0.0122950819672131
0.0122448979591837
0.0121951219512195
0.0121457489878543
0.0120967741935484
0.0120481927710843
0.0120000000000000
0.0119521912350598
0.0119047619047619
0.0118577075098814
0.0118110236220472
0.0117647058823529
0.0117187500000000
0.0116731517509728
0.0116279069767442
0.0115830115830116
0.0115384615384615
0.0114942528735632
0.0114503816793893
0.0114068441064639
0.0113636363636364
0.0113207547169811
0.0112781954887218
0.0112359550561798
0.0111940298507463
0.0111524163568773
0.0111111111111111
0.0110701107011070
0.0110294117647059
0.0109890109890110
0.0109489051094891
0.0109090909090909
0.0144927536231884
0.0144404332129964
0.0143884892086331
0.0143369175627240
0.0142857142857143
0.0142348754448399
0.0141843971631206
0.0141342756183746
0.0140845070422535
0.0140350877192982
0.0139860139860140
0.0139372822299652
0.0138888888888889
0.0138408304498270
0.0137931034482759
0.0137457044673540
0.0136986301369863
0.0136518771331058
0.0136054421768707
0.0135593220338983
0.0135135135135135
0.0134680134680135
0.0134228187919463
0.0133779264214047
0.0133333333333333
0.0132890365448505
0.0132450331125828
0.0132013201320132
0.0131578947368421
0.0131147540983607
0.0130718954248366
0.0130293159609121
0.0129870129870130
0.0129449838187702
0.0129032258064516
0.0128617363344051
0.0128205128205128
0.0127795527156550
0.0127388535031847
0.0126984126984127
0.0126582278481013
0.0126182965299685
0.0125786163522013
0.0125391849529781
0.0125000000000000
0.0124610591900312
0.0124223602484472
0.0123839009287926
0.0123456790123457
0.0123076923076923
0.0122699386503067
0.0122324159021407
0.0121951219512195
0.0121580547112462
0.0121212121212121
0.0120845921450151
0.0120481927710843
0.0120120120120120
0.0119760479041916
0.0119402985074627
0.0119047619047619
0.0118694362017804
0.0118343195266272
0.0117994100294985
0.0117647058823529
0.0117302052785924
0.0116959064327485
0.0116618075801749
0.0116279069767442
0.0115942028985507
0.0115606936416185
0.0115273775216138
0.0114942528735632
0.0114613180515759
0.0114285714285714
0.0113960113960114
0.0113636363636364
0.0113314447592068
0.0112994350282486
0.0112676056338028
0.0112359550561798
0.0112044817927171
0.0111731843575419
0.0111420612813370
0.0111111111111111
0.0110803324099723
0.0110497237569061
0.0110192837465565
0.0109890109890110
0.0109589041095890
0.0109289617486339
0.0108991825613079
0.0108695652173913
0.0108401084010840
0.0108108108108108
0.0107816711590297
0.0107526881720430
0.0107238605898123
0.0106951871657754
0.0106666666666667
0.0106382978723404
0.0106100795755968
0.0105820105820106
0.0105540897097625
0.0105263157894737
0.0104986876640420
0.0104712041884817
0.0104438642297650
0.0104166666666667
0.0103896103896104
0.0129533678756477
0.0129198966408269
0.0128865979381443
0.0128534704370180
0.0128205128205128
0.0127877237851662
0.0127551020408163
0.0127226463104326
0.0126903553299492
0.0126582278481013
0.0126262626262626
0.0125944584382872
0.0125628140703518
0.0125313283208020
0.0125000000000000
0.0124688279301746
0.0124378109452736
0.0124069478908189
0.0123762376237624
0.0123456790123457
0.0123152709359606
0.0122850122850123
0.0122549019607843
0.0122249388753056
0.0121951219512195
0.0121654501216545
0.0121359223300971
0.0121065375302663
0.0120772946859903
0.0120481927710843
0.0120192307692308
0.0119904076738609
0.0119617224880383
0.0119331742243437
0.0119047619047619
0.0118764845605701
0.0118483412322275
0.0118203309692671
0.0117924528301887
0.0117647058823529
0.0117370892018779
0.0117096018735363
0.0116822429906542
0.0116550116550117
0.0116279069767442
0.0116009280742459
0.0115740740740741
0.0115473441108545
0.0115207373271889
0.0114942528735632
0.0114678899082569
0.0114416475972540
0.0114155251141553
0.0113895216400911
0.0113636363636364
0.0113378684807256
0.0113122171945701
0.0112866817155756
0.0112612612612613
0.0112359550561798
0.0112107623318386
0.0111856823266219
0.0111607142857143
0.0111358574610245
0.0111111111111111
0.0110864745011086
0.0110619469026549
0.0110375275938190
0.0110132158590308
0.0109890109890110
0.0109649122807018
0.0109409190371991
0.0109170305676856
0.0108932461873638
0.0108695652173913
0.0108459869848156
0.0108225108225108
0.0107991360691145
0.0107758620689655
0.0107526881720430
0.0107296137339056
0.0107066381156317
0.0106837606837607
0.0106609808102345
0.0106382978723404
0.0106157112526539
0.0105932203389831
0.0105708245243129
0.0105485232067511
0.0105263157894737
0.0105042016806723
0.0104821802935010
0.0104602510460251
0.0104384133611691
0.0104166666666667
0.0103950103950104
0.0103734439834025
0.0103519668737060
0.0103305785123967
0.0103092783505155
0.0102880658436214
0.0102669404517454
0.0102459016393443
0.0102249488752556
0.0102040816326531
0.0101832993890020
0.0101626016260163
0.0101419878296146
0.0101214574898785
0.0101010101010101
0.0100806451612903
0.0100603621730382
0.0100401606425703
0.0100200400801603
0.0100000000000000
0.0099800399201597
0.0099601593625498
0.0099403578528827
0.0099206349206349
0.0099009900990099
0.0098814229249012
0.0098619329388560
0.0098425196850394
0.0098231827111984
0.0098039215686275
0.0097847358121331
0.0097656250000000
0.0097465886939571
0.0097276264591440
0.0097087378640777
0.0096899224806202
0.0096711798839458
0.0096525096525097
0.0096339113680154
0.0096153846153846
0.0095969289827255
0.0095785440613027
0.0095602294455067
0.0095419847328244
0.0095238095238095
0.0095057034220532
0.0094876660341556
0.0094696969696970
0.0094517958412098
0.0094339622641509
0.0094161958568738
0.0093984962406015
0.0093808630393996
0.0093632958801498
0.0093457943925234
0.0093283582089552
0.0093109869646183
0.0092936802973978
0.0092764378478664
0.0092592592592593
0.0092421441774492
0.0092250922509225
0.0092081031307551
0.0091911764705882
0.0091743119266055
0.0091575091575092
0.0091407678244973
0.0091240875912409
0.0091074681238616
0.0090909090909091
0.0090744101633394
0.0090579710144928
0.0090415913200723
0.0090252707581227
0.0090090090090090
0.0089928057553957
0.0089766606822262
0.0089605734767025
0.0089445438282648
0.0089285714285714
0.0089126559714795
0.0088967971530249
0.0088809946714032
0.0088652482269504
0.0088495575221239
0.0088339222614841
0.0088183421516755
0.0088028169014085
0.0087873462214411
0.0087719298245614
0.0087565674255692
0.0087412587412587
0.0087260034904014
0.0087108013937282
0.0086956521739130
0.0086805555555556
0.0086655112651646
0.0086505190311419
0.0086355785837651
0.0086206896551724
0.0086058519793460
0.0085910652920962
0.0085763293310463
0.0085616438356164
0.0085470085470085
0.0085324232081911
0.0085178875638842
0.0085034013605442
0.0084889643463497
0.0084745762711864
0.0084602368866328
0.0084459459459459
0.0084317032040472
0.0084175084175084
0.0084033613445378
0.0083892617449664
0.0083752093802345
0.0083612040133779
0.0083472454090150
0.0083333333333333
0.0083194675540765
0.0083056478405316
0.0082918739635158
0.0082781456953642
0.0082644628099174
0.0082508250825083
0.0082372322899506
0.0082236842105263
0.0082101806239737
0.0081967213114754
0.0081833060556465
0.0081699346405229
0.0081566068515498
0.0081433224755700
0.0081300813008130
0.0081168831168831
0.0081037277147488
0.0080906148867314
0.0080775444264943
0.0080645161290323
0.0080515297906602
0.0080385852090032
0.0080256821829856
0.0080128205128205
0.0080000000000000
0.0079872204472843
0.0079744816586922
0.0079617834394904
0.0079491255961844
0.0079365079365079
0.0079239302694136
0.0079113924050633
0.0078988941548183
0.0078864353312303
0.0078740157480315
0.0078616352201258
0.0078492935635793
0.0078369905956113
0.0078247261345853
0.0078125000000000
0.0078003120124805
0.0077881619937695
0.0077760497667185
0.0077639751552795
0.0077519379844961
0.0077399380804954
0.0077279752704791
0.0077160493827160
0.0077041602465331
0.0076923076923077
0.0076804915514593
0.0076687116564417
0.0076569678407351
0.0076452599388379
0.0076335877862595
0.0076219512195122
0.0076103500761035
0.0075987841945289
0.0075872534142640
0.0075757575757576
0.0075642965204236
0.0075528700906344
0.0075414781297134
0.0075301204819277
0.0075187969924812
0.0075075075075075
0.0074962518740630
0.0074850299401198
0.0074738415545590
0.0074626865671642
0.0074515648286140
0.0074404761904762
0.0074294205052006
0.0074183976261128
0.0074074074074074
0.0073964497041420
0.0073855243722304
0.0073746312684366
0.0073637702503682
0.0073529411764706
0.0073421439060206
0.0073313782991202
0.0073206442166911
0.0073099415204678
0.0072992700729927
0.0072886297376093
0.0072780203784571
0.0072674418604651
0.0072568940493469
0.0072463768115942
0.0072358900144718
0.0072254335260116
0.0072150072150072
0.0072046109510086
0.0071942446043165
0.0071839080459770
0.0071736011477762
0.0071633237822350
0.0071530758226037
0.0071428571428571
0.0071326676176890
0.0071225071225071
0.0071123755334282
0.0071022727272727
0.0070921985815603
0.0070821529745042
0.0070721357850071
0.0070621468926554
0.0070521861777151
0.0070422535211268
0.0070323488045007
0.0070224719101124
0.0070126227208976
0.0070028011204482
0.0069930069930070
0.0069832402234637
0.0069735006973501
0.0069637883008357
0.0069541029207232
0.0069444444444444
0.0069348127600555
0.0069252077562327
0.0069156293222683
0.0069060773480663
0.0068965517241379
0.0068870523415978
0.0068775790921596
0.0068681318681319
0.0068587105624143
0.0068493150684932
0.0068399452804378
0.0068306010928962
0.0068212824010914
0.0068119891008174
0.0068027210884354
0.0067934782608696
0.0067842605156038
0.0067750677506775
0.0067658998646820
0.0067567567567568
0.0067476383265857
0.0067385444743935
0.0067294751009421
0.0067204301075269
0.0067114093959732
0.0067024128686327
0.0066934404283802
0.0066844919786096
0.0066755674232310
0.0066666666666667
0.0066577896138482
0.0066489361702128
0.0066401062416999
0.0066312997347480
0.0066225165562914
0.0066137566137566
0.0066050198150594
0.0065963060686016
0.0065876152832675
0.0065789473684211
0.0065703022339028
0.0065616797900262
0.0065530799475754
0.0065445026178010
0.0065359477124183
0.0065274151436031
0.0065189048239896
0.0065104166666667
0.0065019505851756
0.0064935064935065
0.0064850843060960
0.0064766839378238
0.0064683053040103
0.0064599483204134
0.0064516129032258
0.0064432989690722
0.0064350064350064
0.0064267352185090
0.0064184852374840
0.0064102564102564
0.0064020486555698
0.0063938618925831
0.0063856960408685
0.0063775510204082
0.0063694267515924
0.0063613231552163
0.0063532401524778
0.0063451776649746
0.0063371356147022
0.0063291139240506
0.0063211125158028
0.0063131313131313
0.0063051702395965
0.0062972292191436
0.0062893081761006
0.0062814070351759
0.0062735257214555
0.0062656641604010
0.0062578222778473
0.0062500000000000
0.0062421972534332
0.0062344139650873
0.0062266500622665
0.0062189054726368
0.0062111801242236
0.0062034739454094
0.0061957868649318
0.0061881188118812
0.0061804697156984
0.0061728395061728
0.0061652281134402
0.0061576354679803
0.0061500615006150
0.0061425061425061
0.0061349693251534
0.0061274509803922
0.0061199510403917
0.0061124694376528
0.0061050061050061
0.0060975609756098
0.0060901339829476
0.0060827250608273
0.0060753341433779
0.0060679611650485
0.0060606060606061
0.0060532687651332
0.0060459492140266
0.0060386473429952
0.0060313630880579
0.0060240963855422
0.0060168471720818
0.0060096153846154
0.0060024009603842
0.0059952038369305
0.0059880239520958
0.0059808612440191
0.0059737156511350
0.0059665871121718
0.0059594755661502
0.0059523809523810
0.0059453032104637
0.0059382422802850
0.0059311981020166
0.0059241706161137
0.0059171597633136
0.0059101654846336
0.0059031877213695
0.0058962264150943
0.0058892815076561
0.0058823529411765
0.0058754406580494
0.0058685446009390
0.0058616647127784
0.0058548009367682
0.0058479532163743
0.0058411214953271
0.0058343057176196
0.0058275058275058
0.0058207217694994
0.0058139534883721
0.0058072009291521
0.0058004640371230
0.0057937427578216
0.0057870370370370
0.0057803468208092
0.0057736720554273
0.0057670126874279
0.0057603686635945
0.0057537399309551
0.0057471264367816
0.0057405281285878
0.0057339449541284
0.0057273768613975
0.0057208237986270
0.0057142857142857
0.0057077625570776
0.0057012542759407
0.0056947608200456
0.0056882821387941
0.0056818181818182
0.0056753688989784
0.0056689342403628
0.0056625141562854
0.0056561085972851
0.0056497175141243
0.0056433408577878
0.0056369785794814
0.0056306306306306
0.0056242969628796
0.0056179775280899
0.0056116722783389
0.0056053811659193
0.0055991041433371
0.0055928411633110
0.0055865921787709
0.0055803571428571
0.0055741360089186
0.0055679287305122
0.0055617352614016
0.0055555555555556
0.0055493895671476
0.0055432372505543
0.0055370985603544
0.0055309734513274
0.0055248618784530
0.0055187637969095
0.0055126791620728
0.0055066079295154
0.0055005500550055
0.0054945054945055
0.0054884742041712
0.0054824561403509
0.0054764512595838
0.0054704595185996
0.0054644808743169
0.0054585152838428
0.0054525627044711
0.0054466230936819
0.0054406964091404
0.0054347826086957
0.0054288816503800
0.0054229934924078
0.0054171180931744
0.0054112554112554
0.0054054054054054
0.0053995680345572
0.0053937432578209
0.0053879310344828
0.0053821313240043
0.0053763440860215
0.0053705692803437
0.0053648068669528
0.0053590568060021
0.0053533190578158
0.0053475935828877
0.0053418803418803
0.0053361792956243
0.0053304904051173
0.0053248136315229
0.0053191489361702
0.0053134962805526
0.0053078556263270
0.0053022269353128
0.0052966101694915
0.0052910052910053
0.0052854122621564
0.0052798310454065
0.0052742616033755
0.0052687038988409
0.0052631578947368
0.0052576235541535
0.0052521008403361
0.0052465897166842
0.0052410901467505
0.0052356020942408
0.0052301255230126
0.0052246603970742
0.0052192066805846
0.0052137643378519
0.0052083333333333
0.0052029136316337
0.0051975051975052
0.0051921079958463
0.0051867219917012
0.0051813471502591
0.0051759834368530
0.0051706308169597
0.0051652892561983
0.0051599587203302
0.0051546391752577
0.0051493305870237
0.0051440329218107
0.0051387461459404
0.0051334702258727
0.0051282051282051
0.0051229508196721
0.0051177072671443
0.0051124744376278
0.0051072522982635
0.0051020408163265
0.0050968399592253
0.0050916496945010
0.0050864699898271
0.0050813008130081
0.0050761421319797
0.0050709939148073
0.0050658561296859
0.0050607287449393
0.0050556117290192
0.0050505050505051
0.0050454086781029
0.0050403225806452
0.0050352467270896
0.0050301810865191
0.0050251256281407
0.0050200803212851
0.0050150451354062
0.0050100200400802
0.0050050050050050
0.0050000000000000
0.0049950049950050
0.0049900199600798
0.0049850448654038
0.0049800796812749
0.0049751243781095
0.0049701789264414
0.0049652432969215
0.0049603174603175
0.0049554013875124
0.0049504950495050
0.0049455984174085
0.0049407114624506
0.0049358341559724
0.0049309664694280
0.0049261083743842
0.0049212598425197
0.0049164208456244
0.0049115913555992
0.0049067713444553
0.0049019607843137
0.0048971596474045
0.0048923679060665
0.0048875855327468
0.0048828125000000
0.0048780487804878
0.0048732943469786
0.0048685491723466
0.0048638132295720
0.0048590864917396
0.0048543689320388
0.0048496605237633
0.0048449612403101
0.0048402710551791
0.0048355899419729
0.0048309178743961
0.0048262548262548
0.0048216007714561
0.0048169556840077
0.0048123195380173
0.0048076923076923
0.0048030739673391
0.0047984644913628
0.0047938638542665
0.0047892720306513
0.0047846889952153
0.0047801147227533
0.0047755491881566
0.0047709923664122
0.0047664442326025
0.0047619047619048
0.0047573739295909
0.0047528517110266
0.0047483380816714
0.0047438330170778
0.0047393364928910
0.0047348484848485
0.0047303689687796
0.0047258979206049
0.0047214353163362
0.0047169811320755
0.0047125353440151
0.0047080979284369
0.0047036688617121
0.0046992481203008
0.0046948356807512
0.0046904315196998
0.0046860356138707
0.0046816479400749
0.0046772684752105
0.0046728971962617
0.0046685340802988
0.0046641791044776
0.0046598322460391
0.0046554934823091
0.0046511627906977
0.0046468401486989
0.0046425255338904
0.0046382189239332
0.0046339202965709
0.0046296296296296
0.0046253469010176
0.0046210720887246
0.0046168051708218
0.0046125461254613
0.0046082949308756
0.0046040515653775
0.0045998160073597
0.0045955882352941
0.0045913682277319
0.0045871559633028
0.0045829514207149
0.0045787545787546
0.0045745654162855
0.0045703839122486
0.0045662100456621
0.0045620437956204
0.0045578851412944
0.0045537340619308
0.0045495905368517
0.0045454545454545
0.0045413260672116
0.0045372050816697
0.0045330915684497
0.0045289855072464
0.0045248868778281
0.0045207956600362
0.0045167118337850
0.0045126353790614
0.0045085662759243
0.0045045045045045
0.0045004500450045
0.0044964028776978
0.0044923629829290
0.0044883303411131
0.0044843049327354
0.0044802867383513
0.0044762757385855
0.0044722719141324
0.0044682752457551
0.0044642857142857
0.0044603033006244
0.0044563279857398
0.0044523597506679
0.0044483985765125
0.0044444444444444
0.0044404973357016
0.0044365572315883
0.0044326241134752
0.0044286979627989
0.0044247787610619
0.0044208664898320
0.0044169611307420
0.0044130626654898
0.0044091710758377
0.0044052863436123
0.0044014084507042
0.0043975373790677
0.0043936731107206
0.0043898156277436
0.0043859649122807
0.0043821209465381
0.0043782837127846
0.0043744531933508
0.0043706293706294
0.0043668122270742
0.0043630017452007
0.0043591979075850
0.0043554006968641
0.0043516100957354
0.0043478260869565
0.0043440486533449
0.0043402777777778
0.0043365134431917
0.0043327556325823
0.0043290043290043
0.0043252595155709
0.0043215211754538
0.0043177892918826
0.0043140638481450
0.0043103448275862
0.0043066322136090
0.0043029259896730
0.0042992261392949
0.0042955326460481
0.0042918454935622
0.0042881646655232
0.0042844901456727
0.0042808219178082
0.0042771599657827
0.0042735042735043
0.0042698548249360
0.0042662116040956
0.0042625745950554
0.0042589437819421
0.0042553191489362
0.0042517006802721
0.0042480883602379
0.0042444821731749
0.0042408821034775
0.0042372881355932
0.0042337002540220
0.0042301184433164
0.0042265426880812
0.0042229729729730
0.0042194092827004
0.0042158516020236
0.0042122999157540
0.0042087542087542
0.0042052144659378
0.0042016806722689
0.0041981528127624
0.0041946308724832
0.0041911148365465
0.0041876046901173
0.0041841004184100
0.0041806020066890
0.0041771094402673
0.0041736227045075
0.0041701417848207
0.0041666666666667
0.0041631973355537
0.0041597337770383
0.0041562759767249
0.0041528239202658
0.0041493775933610
0.0041459369817579
0.0041425020712510
0.0041390728476821
0.0041356492969396
0.0041322314049587
0.0041288191577209
0.0041254125412541
0.0041220115416323
0.0041186161449753
0.0041152263374486
0.0041118421052632
0.0041084634346754
0.0041050903119869
0.0041017227235439
0.0040983606557377
0.0040950040950041
0.0040916530278232
0.0040883074407195
0.0040849673202614
0.0040816326530612
0.0040783034257749
0.0040749796251019
0.0040716612377850
0.0040683482506103
0.0040650406504065
0.0040617384240455
0.0040584415584416
0.0040551500405515
0.0040518638573744
0.0040485829959514
0.0040453074433657
0.0040420371867421
0.0040387722132472
0.0040355125100888
0.0040322580645161
0.0040290088638195
0.0040257648953301
0.0040225261464200
0.0040192926045016
0.0040160642570281
0.0040128410914928
0.0040096230954290
0.0040064102564103
0.0040032025620496
0.0040000000000000
0.0039968025579536
0.0039936102236422
0.0039904229848364
0.0039872408293461
0.0039840637450199
0.0039808917197452
0.0039777247414479
0.0039745627980922
0.0039714058776807
0.0039682539682540
0.0039651070578906
0.0039619651347068
0.0039588281868567
0.0039556962025316
0.0039525691699605
0.0039494470774092
0.0039463299131807
0.0039432176656151
0.0039401103230890
0.0039370078740157
0.0039339103068450
0.0039308176100629
0.0039277297721917
0.0039246467817896
0.0039215686274510
0.0039184952978056
0.0039154267815192
0.0039123630672926
0.0039093041438624
0.0039062500000000
0.0039032006245121
0.0039001560062402
0.0038971161340608
0.0038940809968847
0.0038910505836576
0.0038880248833593
0.0038850038850039
0.0038819875776398
0.0038789759503491
0.0038759689922481
0.0038729666924864
0.0038699690402477
0.0038669760247486
0.0038639876352396
0.0038610038610039
0.0038580246913580
0.0038550501156515
0.0038520801232666
0.0038491147036182
0.0038461538461538
0.0038431975403536
0.0038402457757296
0.0038372985418266
0.0038343558282209
0.0038314176245211
0.0038284839203675
0.0038255547054323
0.0038226299694190
0.0038197097020626
0.0038167938931298
0.0038138825324180
0.0038109756097561
0.0038080731150038
0.0038051750380518
0.0038022813688213
0.0037993920972644
0.0037965072133637
0.0037936267071320
0.0037907505686126
0.0037878787878788
0.0037850113550341
0.0037821482602118
0.0037792894935752
0.0037764350453172
0.0037735849056604
0.0037707390648567
0.0037678975131876
0.0037650602409639
0.0037622272385252
0.0037593984962406
0.0037565740045079
0.0037537537537538
0.0037509377344336
0.0037481259370315
0.0037453183520599
0.0037425149700599
0.0037397157816006
0.0037369207772795
0.0037341299477222
0.0037313432835821
0.0037285607755406
0.0037257824143070
0.0037230081906180
0.0037202380952381
0.0037174721189591
0.0037147102526003
0.0037119524870082
0.0037091988130564
0.0037064492216457
0.0037037037037037
0.0037009622501850
0.0036982248520710
0.0036954915003695
0.0036927621861152
0.0036900369003690
0.0036873156342183
0.0036845983787767
0.0036818851251841
0.0036791758646063
0.0036764705882353
0.0036737692872888
0.0036710719530103
0.0036683785766691
0.0036656891495601
0.0036630036630037
0.0036603221083455
0.0036576444769568
0.0036549707602339
0.0036523009495982
0.0036496350364964
0.0036469730123997
0.0036443148688047
0.0036416605972323
0.0036390101892285
0.0036363636363636
0.0036337209302326
0.0036310820624546
0.0036284470246734
0.0036258158085569
0.0036231884057971
0.0036205648081101
0.0036179450072359
0.0036153289949385
0.0036127167630058
0.0036101083032491
0.0036075036075036
0.0036049026676280
0.0036023054755043
0.0035997120230382
0.0035971223021583
0.0035945363048167
0.0035919540229885
0.0035893754486719
0.0035868005738881
0.0035842293906810
0.0035816618911175
0.0035790980672870
0.0035765379113019
0.0035739814152966
0.0035714285714286
0.0035688793718772
0.0035663338088445
0.0035637918745545
0.0035612535612536
0.0035587188612100
0.0035561877667141
0.0035536602700782
0.0035511363636364
0.0035486160397445
0.0035460992907801
0.0035435861091425
0.0035410764872521
0.0035385704175513
0.0035360678925035
0.0035335689045936
0.0035310734463277
0.0035285815102329
0.0035260930888575
0.0035236081747710
0.0035211267605634
0.0035186488388459
0.0035161744022504
0.0035137034434294
0.0035112359550562
0.0035087719298246
0.0035063113604488
0.0035038542396636
0.0035014005602241
0.0034989503149055
0.0034965034965035
0.0034940600978337
0.0034916201117318
0.0034891835310537
0.0034867503486750
0.0034843205574913
0.0034818941504178
0.0034794711203897
0.0034770514603616
0.0034746351633079
0.0034722222222222
0.0034698126301180
0.0034674063800277
0.0034650034650035
0.0034626038781163
0.0034602076124567
0.0034578146611342
0.0034554250172771
0.0034530386740331
0.0034506556245687
0.0034482758620690
0.0034458993797381
0.0034435261707989
0.0034411562284928
0.0034387895460798
0.0034364261168385
0.0034340659340659
0.0034317089910776
0.0034293552812071
0.0034270047978067
0.0034246575342466
0.0034223134839151
0.0034199726402189
0.0034176349965824
0.0034153005464481
0.0034129692832765
0.0034106412005457
0.0034083162917519
0.0034059945504087
0.0034036759700477
0.0034013605442177
0.0033990482664854
0.0033967391304348
0.0033944331296673
0.0033921302578019
0.0033898305084746
0.0033875338753388
0.0033852403520650
0.0033829499323410
0.0033806626098715
0.0033783783783784
0.0033760972316003
0.0033738191632928
0.0033715441672286
0.0033692722371968
0.0033670033670034
0.0033647375504711
0.0033624747814391
0.0033602150537634
0.0033579583613163
0.0033557046979866
0.0033534540576794
0.0033512064343164
0.0033489618218352
0.0033467202141901
0.0033444816053512
0.0033422459893048
0.0033400133600534
0.0033377837116155
0.0033355570380254
0.0033333333333333
0.0033311125916056
0.0033288948069241
0.0033266799733866
0.0033244680851064
0.0033222591362126
0.0033200531208499
0.0033178500331785
0.0033156498673740
0.0033134526176276
0.0033112582781457
0.0033090668431502
0.0033068783068783
0.0033046926635823
0.0033025099075297
0.0033003300330033
0.0032981530343008
0.0032959789057350
0.0032938076416337
0.0032916392363397
0.0032894736842105
0.0032873109796187
0.0032851511169514
0.0032829940906106
0.0032808398950131
0.0032786885245902
0.0032765399737877
0.0032743942370661
0.0032722513089005
0.0032701111837802
0.0032679738562092
0.0032658393207054
0.0032637075718016
0.0032615786040444
0.0032594524119948
0.0032573289902280
0.0032552083333333
0.0032530904359141
0.0032509752925878
0.0032488628979857
0.0032467532467532
0.0032446463335496
0.0032425421530480
0.0032404406999352
0.0032383419689119
0.0032362459546926
0.0032341526520052
0.0032320620555915
0.0032299741602067
0.0032278889606198
0.0032258064516129
0.0032237266279819
0.0032216494845361
0.0032195750160979
0.0032175032175032
0.0032154340836013
0.0032133676092545
0.0032113037893385
0.0032092426187420
0.0032071840923669
0.0032051282051282
0.0032030749519539
0.0032010243277849
0.0031989763275752
0.0031969309462916
0.0031948881789137
0.0031928480204342
0.0031908104658583
0.0031887755102041
0.0031867431485022
0.0031847133757962
0.0031826861871419
0.0031806615776081
0.0031786395422759
0.0031766200762389
0.0031746031746032
0.0031725888324873
0.0031705770450222
0.0031685678073511
0.0031665611146295
0.0031645569620253
0.0031625553447185
0.0031605562579014
0.0031585596967783
0.0031565656565657
0.0031545741324921
0.0031525851197982
0.0031505986137366
0.0031486146095718
0.0031466331025802
0.0031446540880503
0.0031426775612822
0.0031407035175879
0.0031387319522913
0.0031367628607277
0.0031347962382445
0.0031328320802005
0.0031308703819662
0.0031289111389237
0.0031269543464665
0.0031250000000000
0.0031230480949407
0.0031210986267166
0.0031191515907673
0.0031172069825436
0.0031152647975078
0.0031133250311333
0.0031113876789048
0.0031094527363184
0.0031075201988813
0.0031055900621118
0.0031036623215394
0.0031017369727047
0.0030998140111593
0.0030978934324659
0.0030959752321981
0.0030940594059406
0.0030921459492888
0.0030902348578492
0.0030883261272390
0.0030864197530864
0.0030845157310302
0.0030826140567201
0.0030807147258164
0.0030788177339901
0.0030769230769231
0.0030750307503075
0.0030731407498463
0.0030712530712531
0.0030693677102517
0.0030674846625767
0.0030656039239730
0.0030637254901961
0.0030618493570116
0.0030599755201958
0.0030581039755352
0.0030562347188264
0.0030543677458766
0.0030525030525031
0.0030506406345333
0.0030487804878049
0.0030469226081658
0.0030450669914738
0.0030432136335971
0.0030413625304136
0.0030395136778116
0.0030376670716889
0.0030358227079539
0.0030339805825243
0.0030321406913281
0.0030303030303030
0.0030284675953967
0.0030266343825666
0.0030248033877798
0.0030229746070133
0.0030211480362538
0.0030193236714976
0.0030175015087508
0.0030156815440290
0.0030138637733574
0.0030120481927711
0.0030102347983143
0.0030084235860409
0.0030066145520144
0.0030048076923077
0.0030030030030030
0.0030012004801921
0.0029994001199760
0.0029976019184652
0.0029958058717795
0.0029940119760479
0.0029922202274087
0.0029904306220096
0.0029886431560072
0.0029868578255675
0.0029850746268657
0.0029832935560859
0.0029815146094216
0.0029797377830751
0.0029779630732579
0.0029761904761905
0.0029744199881023
0.0029726516052319
0.0029708853238265
0.0029691211401425
0.0029673590504451
0.0029655990510083
0.0029638411381150
0.0029620853080569
0.0029603315571344
0.0029585798816568
0.0029568302779420
0.0029550827423168
0.0029533372711164
0.0029515938606848
0.0029498525073746
0.0029481132075472
0.0029463759575722
0.0029446407538280
0.0029429075927016
0.0029411764705882
0.0029394473838918
0.0029377203290247
0.0029359953024075
0.0029342723004695
0.0029325513196481
0.0029308323563892
0.0029291154071470
0.0029274004683841
0.0029256875365711
0.0029239766081871
0.0029222676797195
0.0029205607476636
0.0029188558085231
0.0029171528588098
0.0029154518950437
0.0029137529137529
0.0029120559114735
0.0029103608847497
0.0029086678301338
0.0029069767441860
0.0029052876234747
0.0029036004645761
0.0029019152640743
0.0029002320185615
0.0028985507246377
0.0028968713789108
0.0028951939779965
0.0028935185185185
0.0028918449971082
0.0028901734104046
0.0028885037550549
0.0028868360277136
0.0028851702250433
0.0028835063437140
0.0028818443804035
0.0028801843317972
0.0028785261945884
0.0028768699654776
0.0028752156411731
0.0028735632183908
0.0028719126938541
0.0028702640642939
0.0028686173264487
0.0028669724770642
0.0028653295128940
0.0028636884306987
0.0028620492272467
0.0028604118993135
0.0028587764436821
0.0028571428571429
0.0028555111364934
0.0028538812785388
0.0028522532800913
0.0028506271379704
0.0028490028490028
0.0028473804100228
0.0028457598178714
0.0028441410693970
0.0028425241614554
0.0028409090909091
0.0028392958546281
0.0028376844494892
0.0028360748723766
0.0028344671201814
0.0028328611898017
0.0028312570781427
0.0028296547821166
0.0028280542986425
0.0028264556246467
0.0028248587570621
0.0028232636928289
0.0028216704288939
0.0028200789622109
0.0028184892897407
0.0028169014084507
0.0028153153153153
0.0028137310073157
0.0028121484814398
0.0028105677346824
0.0028089887640449
0.0028074115665357
0.0028058361391695
0.0028042624789680
0.0028026905829596
0.0028011204481793
0.0027995520716685
0.0027979854504757
0.0027964205816555
0.0027948574622694
0.0027932960893855
0.0027917364600782
0.0027901785714286
0.0027886224205243
0.0027870680044593
0.0027855153203343
0.0027839643652561
0.0027824151363383
0.0027808676307008
0.0027793218454697
0.0027777777777778
0.0027762354247640
0.0027746947835738
0.0027731558513588
0.0027716186252772
0.0027700831024931
0.0027685492801772
0.0027670171555064
0.0027654867256637
0.0027639579878386
0.0027624309392265
0.0027609055770293
0.0027593818984547
0.0027578599007170
0.0027563395810364
0.0027548209366391
0.0027533039647577
0.0027517886626307
0.0027502750275028
0.0027487630566245
0.0027472527472527
0.0027457440966502
0.0027442371020856
0.0027427317608338
0.0027412280701754
0.0027397260273973
0.0027382256297919
0.0027367268746579
0.0027352297592998
0.0027337342810279
0.0027322404371585
0.0027307482250137
0.0027292576419214
0.0027277686852155
0.0027262813522356
0.0027247956403270
0.0027233115468410
0.0027218290691345
0.0027203482045702
0.0027188689505166
0.0027173913043478
0.0027159152634438
0.0027144408251900
0.0027129679869778
0.0027114967462039
0.0027100271002710
0.0027085590465872
0.0027070925825663
0.0027056277056277
0.0027041644131963
0.0027027027027027
0.0027012425715829
0.0026997840172786
0.0026983270372369
0.0026968716289105
0.0026954177897574
0.0026939655172414
0.0026925148088314
0.0026910656620022
0.0026896180742335
0.0026881720430108
0.0026867275658248
0.0026852846401719
0.0026838432635534
0.0026824034334764
0.0026809651474531
0.0026795284030011
0.0026780931976433
0.0026766595289079
0.0026752273943285
0.0026737967914439
0.0026723677177980
0.0026709401709402
0.0026695141484250
0.0026680896478122
0.0026666666666667
0.0026652452025586
0.0026638252530634
0.0026624068157614
0.0026609898882384
0.0026595744680851
0.0026581605528974
0.0026567481402763
0.0026553372278279
0.0026539278131635
0.0026525198938992
0.0026511134676564
0.0026497085320615
0.0026483050847458
0.0026469031233457
0.0026455026455026
0.0026441036488630
0.0026427061310782
0.0026413100898045
0.0026399155227033
0.0026385224274406
0.0026371308016878
0.0026357406431207
0.0026343519494204
0.0026329647182728
0.0031578947368421
0.0031562335612835
0.0031545741324921
0.0031529164477141
0.0031512605042017
0.0031496062992126
0.0031479538300105
0.0031463030938647
0.0031446540880503
0.0031430068098481
0.0031413612565445
0.0031397174254317
0.0031380753138075
0.0031364349189754
0.0031347962382445
0.0031331592689295
0.0031315240083507
0.0031298904538341
0.0031282586027112
0.0031266284523189
0.0031250000000000
0.0031233732431026
0.0031217481789802
0.0031201248049922
0.0031185031185031
0.0031168831168831
0.0031152647975078
0.0031136481577582
0.0031120331950207
0.0031104199066874
0.0031088082901554
0.0031071983428276
0.0031055900621118
0.0031039834454216
0.0031023784901758
0.0031007751937984
0.0030991735537190
0.0030975735673722
0.0030959752321981
0.0030943785456421
0.0030927835051546
0.0030911901081917
0.0030895983522142
0.0030880082346886
0.0030864197530864
0.0030848329048843
0.0030832476875642
0.0030816640986133
0.0030800821355236
0.0030785017957927
0.0030769230769231
0.0030753459764223
0.0030737704918033
0.0030721966205837
0.0030706243602866
0.0030690537084399
0.0030674846625767
0.0030659172202351
0.0030643513789581
0.0030627871362940
0.0030612244897959
0.0030596634370219
0.0030581039755352
0.0030565461029037
0.0030549898167006
0.0030534351145038
0.0030518819938962
0.0030503304524657
0.0030487804878049
0.0030472320975114
0.0030456852791878
0.0030441400304414
0.0030425963488844
0.0030410542321338
0.0030395136778116
0.0030379746835443
0.0030364372469636
0.0030349013657056
0.0030333670374115
0.0030318342597271
0.0030303030303030
0.0030287733467945
0.0030272452068618
0.0030257186081694
0.0030241935483871
0.0030226700251889
0.0030211480362538
0.0030196275792652
0.0030181086519115
0.0030165912518854
0.0030150753768844
0.0030135610246107
0.0030120481927711
0.0030105368790768
0.0030090270812437
0.0030075187969925
0.0030060120240481
0.0030045067601402
0.0030030030030030
0.0030015007503752
0.0030000000000000
0.0029985007496252
0.0029970029970030
0.0029955067398902
0.0029940119760479
0.0029925187032419
0.0029910269192423
0.0029895366218236
0.0029880478087649
0.0029865604778497
0.0029850746268657
0.0029835902536052
0.0029821073558648
0.0029806259314456
0.0029791459781529
0.0029776674937965
0.0029761904761905
0.0029747149231532
0.0029732408325074
0.0029717682020802
0.0029702970297030
0.0029688273132113
0.0029673590504451
0.0029658922392486
0.0029644268774704
0.0029629629629630
0.0029615004935834
0.0029600394671929
0.0029585798816568
0.0029571217348448
0.0029556650246305
0.0029542097488922
0.0029527559055118
0.0029513034923758
0.0029498525073746
0.0029484029484029
0.0029469548133595
0.0029455081001473
0.0029440628066732
0.0029426189308485
0.0029411764705882
0.0029397354238119
0.0029382957884427
0.0029368575624082
0.0029354207436399
0.0029339853300733
0.0029325513196481
0.0029311187103078
0.0029296875000000
0.0029282576866764
0.0029268292682927
0.0029254022428084
0.0029239766081871
0.0029225523623965
0.0029211295034080
0.0029197080291971
0.0029182879377432
0.0029168692270297
0.0029154518950437
0.0029140359397766
0.0029126213592233
0.0029112081513828
0.0029097963142580
0.0029083858458555
0.0029069767441860
0.0029055690072639
0.0029041626331075
0.0029027576197388
0.0029013539651838
0.0028999516674722
0.0028985507246377
0.0028971511347175
0.0028957528957529
0.0028943560057887
0.0028929604628737
0.0028915662650602
0.0028901734104046
0.0028887818969668
0.0028873917228104
0.0028860028860029
0.0028846153846154
0.0028832292167227
0.0028818443804035
0.0028804608737398
0.0028790786948177
0.0028776978417266
0.0028763183125599
0.0028749401054145
0.0028735632183908
0.0028721876495931
0.0028708133971292
0.0028694404591105
0.0028680688336520
0.0028666985188724
0.0028653295128940
0.0028639618138425
0.0028625954198473
0.0028612303290415
0.0028598665395615
0.0028585040495474
0.0028571428571429
0.0028557829604950
0.0028544243577545
0.0028530670470756
0.0028517110266160
0.0028503562945368
0.0028490028490028
0.0028476506881822
0.0028462998102467
0.0028449502133713
0.0028436018957346
0.0028422548555187
0.0028409090909091
0.0028395646000947
0.0028382213812677
0.0028368794326241
0.0028355387523629
0.0028341993386868
0.0028328611898017
0.0028315243039169
0.0028301886792453
0.0028288543140028
0.0028275212064090
0.0028261893546868
0.0028248587570621
0.0028235294117647
0.0028222013170273
0.0028208744710860
0.0028195488721805
0.0028182245185533
0.0028169014084507
0.0028155795401220
0.0028142589118199
0.0028129395218003
0.0028116213683224
0.0028103044496487
0.0028089887640449
0.0028076743097801
0.0028063610851263
0.0028050490883590
0.0028037383177570
0.0028024287716021
0.0028011204481793
0.0027998133457769
0.0027985074626866
0.0027972027972028
0.0027958993476235
0.0027945971122497
0.0027932960893855
0.0027919962773383
0.0027906976744186
0.0027894002789400
0.0027881040892193
0.0027868091035764
0.0027855153203343
0.0027842227378190
0.0027829313543599
0.0027816411682893
0.0027803521779425
0.0027790643816582
0.0027777777777778
0.0027764923646460
0.0027752081406105
0.0027739251040222
0.0027726432532348
0.0027713625866051
0.0027700831024931
0.0027688047992617
0.0027675276752768
0.0027662517289073
0.0027649769585253
0.0027637033625058
0.0027624309392265
0.0027611596870686
0.0027598896044158
0.0027586206896552
0.0027573529411765
0.0027560863573725
0.0027548209366391
0.0027535566773749
0.0027522935779817
0.0027510316368638
0.0027497708524290
0.0027485112230875
0.0027472527472527
0.0027459954233410
0.0027447392497713
0.0027434842249657
0.0027422303473492
0.0027409776153495
0.0027397260273973
0.0027384755819261
0.0027372262773723
0.0027359781121751
0.0027347310847767
0.0027334851936219
0.0027322404371585
0.0027309968138371
0.0027297543221110
0.0027285129604366
0.0027272727272727
0.0027260336210813
0.0027247956403270
0.0027235587834771
0.0027223230490018
0.0027210884353741
0.0027198549410698
0.0027186225645673
0.0027173913043478
0.0027161611588954
0.0027149321266968
0.0027137042062415
0.0027124773960217
0.0027112516945323
0.0027100271002710
0.0027088036117381
0.0027075812274368
0.0027063599458728
0.0027051397655546
0.0027039206849932
0.0027027027027027
0.0027014858171995
0.0027002700270027
0.0026990553306343
0.0026978417266187
0.0026966292134831
0.0026954177897574
0.0026942074539740
0.0026929982046679
0.0026917900403769
0.0026905829596413
0.0026893769610040
0.0026881720430108
0.0026869682042096
0.0026857654431513
0.0026845637583893
0.0026833631484794
0.0026821636119803
0.0026809651474531
0.0026797677534614
0.0026785714285714
0.0026773761713521
0.0026761819803747
0.0026749888542131
0.0026737967914439
0.0026726057906459
0.0026714158504007
0.0026702269692924
0.0026690391459075
0.0026678523788350
0.0026666666666667
0.0026654820079964
0.0026642984014210
0.0026631158455393
0.0026619343389530
0.0026607538802661
0.0026595744680851
0.0026583961010191
0.0026572187776794
0.0026560424966799
0.0026548672566372
0.0026536930561698
0.0026525198938992
0.0026513477684490
0.0026501766784452
0.0026490066225166
0.0026478375992939
0.0026466696074107
0.0026455026455026
0.0026443367122080
0.0026431718061674
0.0026420079260238
0.0026408450704225
0.0026396832380114
0.0026385224274406
0.0026373626373626
0.0026362038664323
0.0026350461133070
0.0026338893766462
0.0026327336551119
0.0026315789473684
0.0026304252520824
0.0026292725679229
0.0026281208935611
0.0026269702276708
0.0026258205689278
0.0026246719160105
0.0026235242675995
0.0026223776223776
0.0026212319790301
0.0026200873362445
0.0026189436927106
0.0026178010471204
0.0026166593981683
0.0026155187445510
0.0026143790849673
0.0026132404181185
0.0026121027427079
0.0026109660574413
0.0026098303610265
0.0026086956521739
0.0026075619295958
0.0026064291920070
0.0026052974381242
0.0026041666666667
0.0026030368763557
0.0026019080659150
0.0026007802340702
0.0025996533795494
0.0025985275010827
0.0025974025974026
0.0025962786672436
0.0025951557093426
0.0025940337224384
0.0025929127052723
0.0025917926565875
0.0025906735751295
0.0025895554596461
0.0025884383088870
0.0025873221216041
0.0025862068965517
0.0025850926324860
0.0025839793281654
0.0025828669823504
0.0025817555938038
0.0025806451612903
0.0025795356835770
0.0025784271594327
0.0025773195876289
0.0025762129669386
0.0025751072961373
0.0025740025740026
0.0025728987993139
0.0025717959708530
0.0025706940874036
0.0025695931477516
0.0025684931506849
0.0025673940949936
0.0025662959794696
0.0025651988029072
0.0025641025641026
0.0025630072618539
0.0025619128949616
0.0025608194622279
0.0025597269624573
0.0025586353944563
0.0025575447570332
0.0025564550489987
0.0025553662691652
0.0025542784163474
0.0025531914893617
0.0025521054870268
0.0025510204081633
0.0025499362515937
0.0025488530161427
0.0025477707006369
0.0025466893039049
0.0025456088247773
0.0025445292620865
0.0025434506146672
0.0025423728813559
0.0025412960609911
0.0025402201524132
0.0025391451544647
0.0025380710659898
0.0025369978858351
0.0025359256128487
0.0025348542458809
0.0025337837837838
0.0025327142254116
0.0025316455696203
0.0025305778152678
0.0025295109612142
0.0025284450063211
0.0025273799494524
0.0025263157894737
0.0025252525252525
0.0025241901556584
0.0025231286795627
0.0025220680958386
0.0025210084033613
0.0025199496010080
0.0025188916876574
0.0025178346621905
0.0025167785234899
0.0025157232704403
0.0025146689019279
0.0025136154168412
0.0025125628140704
0.0025115110925073
0.0025104602510460
0.0025094102885822
0.0025083612040134
0.0025073129962390
0.0025062656641604
0.0025052192066806
0.0025041736227045
0.0025031289111389
0.0025020850708924
0.0025010421008754
0.0025000000000000
0.0024989587671803
0.0024979184013322
0.0024968789013733
0.0024958402662230
0.0024948024948025
0.0024937655860349
0.0024927295388450
0.0024916943521595
0.0024906600249066
0.0024896265560166
0.0024885939444214
0.0024875621890547
0.0024865312888521
0.0024855012427506
0.0024844720496894
0.0024834437086093
0.0024824162184526
0.0024813895781638
0.0024803637866887
0.0024793388429752
0.0024783147459727
0.0024772914946325
0.0024762690879076
0.0024752475247525
0.0024742268041237
0.0024732069249794
0.0024721878862794
0.0024711696869852
0.0024701523260601
0.0024691358024691
0.0024681201151789
0.0024671052631579
0.0024660912453761
0.0024650780608053
0.0024640657084189
0.0024630541871921
0.0024620434961018
0.0024610336341263
0.0024600246002460
0.0024590163934426
0.0024580090126997
0.0024570024570025
0.0024559967253377
0.0024549918166939
0.0024539877300613
0.0024529844644317
0.0024519820187985
0.0024509803921569
0.0024499795835035
0.0024489795918367
0.0024479804161567
0.0024469820554649
0.0024459845087648
0.0024449877750611
0.0024439918533605
0.0024429967426710
0.0024420024420024
0.0024410089503662
0.0024400162667751
0.0024390243902439
0.0024380333197887
0.0024370430544273
0.0024360535931790
0.0024350649350649
0.0024340770791075
0.0028386050283861
0.0028374543980543
0.0028363047001621
0.0028351559335763
0.0028340080971660
0.0028328611898017
0.0028317152103560
0.0028305701577032
0.0028294260307195
0.0028282828282828
0.0028271405492730
0.0028259991925717
0.0028248587570621
0.0028237192416297
0.0028225806451613
0.0028214429665457
0.0028203062046737
0.0028191703584374
0.0028180354267311
0.0028169014084507
0.0028157683024940
0.0028146361077604
0.0028135048231511
0.0028123744475693
0.0028112449799197
0.0028101164191088
0.0028089887640449
0.0028078620136382
0.0028067361668003
0.0028056112224449
0.0028044871794872
0.0028033640368442
0.0028022417934347
0.0028011204481793
0.0028000000000000
0.0027988804478209
0.0027977617905675
0.0027966440271674
0.0027955271565495
0.0027944111776447
0.0027932960893855
0.0027921818907060
0.0027910685805423
0.0027899561578318
0.0027888446215139
0.0027877339705297
0.0027866242038217
0.0027855153203343
0.0027844073190135
0.0027833001988072
0.0027821939586645
0.0027810885975368
0.0027799841143765
0.0027788805081382
0.0027777777777778
0.0027766759222531
0.0027755749405234
0.0027744748315497
0.0027733755942948
0.0027722772277228
0.0027711797307997
0.0027700831024931
0.0027689873417722
0.0027678924476078
0.0027667984189723
0.0027657052548400
0.0027646129541864
0.0027635215159889
0.0027624309392265
0.0027613412228797
0.0027602523659306
0.0027591643673630
0.0027580772261623
0.0027569909413155
0.0027559055118110
0.0027548209366391
0.0027537372147915
0.0027526543452615
0.0027515723270440
0.0027504911591356
0.0027494108405342
0.0027483313702395
0.0027472527472527
0.0027461749705767
0.0027450980392157
0.0027440219521756
0.0027429467084639
0.0027418723070897
0.0027407987470634
0.0027397260273973
0.0027386541471049
0.0027375831052014
0.0027365129007037
0.0027354435326299
0.0027343750000000
0.0027333073018352
0.0027322404371585
0.0027311744049941
0.0027301092043682
0.0027290448343080
0.0027279812938426
0.0027269185820023
0.0027258566978193
0.0027247956403270
0.0027237354085603
0.0027226760015558
0.0027216174183515
0.0027205596579868
0.0027195027195027
0.0027184466019417
0.0027173913043478
0.0027163368257664
0.0027152831652444
0.0027142303218302
0.0027131782945736
0.0027121270825262
0.0027110766847405
0.0027100271002710
0.0027089783281734
0.0027079303675048
0.0027068832173241
0.0027058368766911
0.0027047913446677
0.0027037466203167
0.0027027027027027
0.0027016595908915
0.0027006172839506
0.0026995757809487
0.0026985350809561
0.0026974951830443
0.0026964560862866
0.0026954177897574
0.0026943802925327
0.0026933435936899
0.0026923076923077
0.0026912725874664
0.0026902382782475
0.0026892047637342
0.0026881720430108
0.0026871401151631
0.0026861089792786
0.0026850786344457
0.0026840490797546
0.0026830203142967
0.0026819923371648
0.0026809651474531
0.0026799387442573
0.0026789131266743
0.0026778882938026
0.0026768642447419
0.0026758409785933
0.0026748184944593
0.0026737967914439
0.0026727758686522
0.0026717557251908
0.0026707363601679
0.0026697177726926
0.0026686999618757
0.0026676829268293
0.0026666666666667
0.0026656511805027
0.0026646364674534
0.0026636225266362
0.0026626093571700
0.0026615969581749
0.0026605853287723
0.0026595744680851
0.0026585643752374
0.0026575550493546
0.0026565464895636
0.0026555386949924
0.0026545316647706
0.0026535253980288
0.0026525198938992
0.0026515151515152
0.0026505111700114
0.0026495079485238
0.0026485054861899
0.0026475037821483
0.0026465028355388
0.0026455026455026
0.0026445032111825
0.0026435045317221
0.0026425066062665
0.0026415094339623
0.0026405130139570
0.0026395173453997
0.0026385224274406
0.0026375282592313
0.0026365348399247
0.0026355421686747
0.0026345502446368
0.0026335590669676
0.0026325686348251
0.0026315789473684
0.0026305900037580
0.0026296018031555
0.0026286143447240
0.0026276276276276
0.0026266416510319
0.0026256564141035
0.0026246719160105
0.0026236881559220
0.0026227051330086
0.0026217228464419
0.0026207412953950
0.0026197604790419
0.0026187803965582
0.0026178010471204
0.0026168224299065
0.0026158445440957
0.0026148673888681
0.0026138909634055
0.0026129152668906
0.0026119402985075
0.0026109660574413
0.0026099925428784
0.0026090197540067
0.0026080476900149
0.0026070763500931
0.0026061057334326
0.0026051358392259
0.0026041666666667
0.0026031982149498
0.0026022304832714
0.0026012634708287
0.0026002971768202
0.0025993316004456
0.0025983667409057
0.0025974025974026
0.0025964391691395
0.0025954764553207
0.0025945144551520
0.0025935531678399
0.0025925925925926
0.0025916327286190
0.0025906735751295
0.0025897151313356
0.0025887573964497
0.0025878003696858
0.0025868440502587
0.0025858884373846
0.0025849335302806
0.0025839793281654
0.0025830258302583
0.0025820730357802
0.0025811209439528
0.0025801695539993
0.0025792188651437
0.0025782688766114
0.0025773195876289
0.0025763709974236
0.0025754231052244
0.0025744759102611
0.0025735294117647
0.0025725836089673
0.0025716385011021
0.0025706940874036
0.0025697503671072
0.0025688073394495
0.0025678650036684
0.0025669233590026
0.0025659824046921
0.0025650421399780
0.0025641025641026
0.0025631636763090
0.0025622254758419
0.0025612879619466
0.0025603511338698
0.0025594149908592
0.0025584795321637
0.0025575447570332
0.0025566106647188
0.0025556772544724
0.0025547445255474
0.0025538124771981
0.0025528811086798
0.0025519504192490
0.0025510204081633
0.0025500910746812
0.0025491624180626
0.0025482344375683
0.0025473071324600
0.0025463805020007
0.0025454545454545
0.0025445292620865
0.0025436046511628
0.0025426807119506
0.0025417574437182
0.0025408348457350
0.0025399129172714
0.0025389916575988
0.0025380710659898
0.0025371511417180
0.0025362318840580
0.0025353132922854
0.0025343953656770
0.0025334781035107
0.0025325615050651
0.0025316455696203
0.0025307302964570
0.0025298156848572
0.0025289017341040
0.0025279884434814
0.0025270758122744
0.0025261638397690
0.0025252525252525
0.0025243418680130
0.0025234318673396
0.0025225225225225
0.0025216138328530
0.0025207057976233
0.0025197984161267
0.0025188916876574
0.0025179856115108
0.0025170801869831
0.0025161754133717
0.0025152712899748
0.0025143678160920
0.0025134649910233
0.0025125628140704
0.0025116612845353
0.0025107604017217
0.0025098601649337
0.0025089605734767
0.0025080616266571
0.0025071633237822
0.0025062656641604
0.0025053686471009
0.0025044722719141
0.0025035765379113
0.0025026814444047
0.0025017869907076
0.0025008931761343
0.0025000000000000
0.0024991074616208
0.0024982155603141
0.0024973242953978
0.0024964336661912
0.0024955436720143
0.0024946543121882
0.0024937655860349
0.0024928774928775
0.0024919900320399
0.0024911032028470
0.0024902170046247
0.0024893314366999
0.0024884464984003
0.0024875621890547
0.0024866785079929
0.0024857954545455
0.0024849130280440
0.0024840312278211
0.0024831500532104
0.0024822695035461
0.0024813895781638
0.0024805102763997
0.0024796315975912
0.0024787535410765
0.0024778761061947
0.0024769992922859
0.0024761230986912
0.0024752475247525
0.0024743725698127
0.0024734982332155
0.0024726245143059
0.0024717514124294
0.0024708789269326
0.0024700070571630
0.0024691358024691
0.0024682651622003
0.0024673951357067
0.0024665257223397
0.0024656569214512
0.0024647887323944
0.0024639211545231
0.0024630541871921
0.0024621878297573
0.0024613220815752
0.0024604569420035
0.0024595924104006
0.0024587284861257
0.0024578651685393
0.0024570024570025
0.0024561403508772
0.0024552788495265
0.0024544179523142
0.0024535576586050
0.0024526979677645
0.0024518388791594
0.0024509803921569
0.0024501225061253
0.0024492652204339
0.0024484085344526
0.0024475524475524
0.0024466969591052
0.0024458420684836
0.0024449877750611
0.0024441340782123
0.0024432809773124
0.0024424284717376
0.0024415765608650
0.0024407252440725
0.0024398745207389
0.0024390243902439
0.0024381748519680
0.0024373259052925
0.0024364775495997
0.0024356297842728
0.0024347826086957
0.0024339360222531
0.0024330900243309
0.0024322446143155
0.0024313997915943
0.0024305555555556
0.0024297119055883
0.0024288688410826
0.0024280263614291
0.0024271844660194
0.0024263431542461
0.0024255024255024
0.0024246622791825
0.0024238227146814
0.0024229837313949
0.0024221453287197
0.0024213075060533
0.0024204702627939
0.0024196335983408
0.0024187975120940
0.0024179620034542
0.0024171270718232
0.0024162927166034
0.0024154589371981
0.0024146257330114
0.0024137931034483
0.0024129610479145
0.0024121295658167
0.0024112986565622
0.0024104683195592
0.0024096385542169
0.0024088093599449
0.0024079807361541
0.0024071526822558
0.0024063251976624
0.0024054982817869
0.0024046719340433
0.0024038461538462
0.0024030209406111
0.0024021962937543
0.0024013722126930
0.0024005486968450
0.0023997257456291
0.0023989033584647
0.0023980815347722
0.0023972602739726
0.0023964395754878
0.0023956194387406
0.0023947998631543
0.0023939808481532
0.0023931623931624
0.0023923444976077
0.0023915271609156
0.0023907103825137
0.0023898941618300
0.0023890784982935
0.0023882633913340
0.0023874488403820
0.0023866348448687
0.0023858214042263
0.0023850085178876
0.0023841961852861
0.0023833844058563
0.0023825731790334
0.0023817625042531
0.0023809523809524
0.0023801428085685
0.0023793337865398
0.0023785253143051
0.0023777173913043
0.0023769100169779
0.0023761031907671
0.0023752969121140
0.0023744911804613
0.0023736859952526
0.0023728813559322
0.0023720772619451
0.0023712737127371
0.0023704707077548
0.0023696682464455
0.0023688663282572
0.0023680649526387
0.0023672641190396
0.0023664638269101
0.0023656640757013
0.0023648648648649
0.0023640661938534
0.0023632680621202
0.0023624704691191
0.0023616734143050
0.0023608768971332
0.0023600809170600
0.0023592854735423
0.0023584905660377
0.0023576961940047
0.0023569023569024
0.0023561090541905
0.0023553162853297
0.0023545240497814
0.0023537323470074
0.0023529411764706
0.0023521505376344
0.0023513604299631
0.0023505708529214
0.0023497818059752
0.0023489932885906
0.0023482053002348
0.0023474178403756
0.0023466309084814
0.0023458445040214
0.0023450586264657
0.0023442732752847
0.0023434884499498
0.0023427041499331
0.0023419203747073
0.0023411371237458
0.0023403543965229
0.0023395721925134
0.0023387905111928
0.0023380093520374
0.0023372287145242
0.0023364485981308
0.0023356690023357
0.0023348899266177
0.0023341113704568
0.0023333333333333
0.0023325558147284
0.0023317788141239
0.0023310023310023
0.0023302263648469
0.0023294509151414
0.0023286759813706
0.0023279015630196
0.0023271276595745
0.0023263542705218
0.0023255813953488
0.0023248090335437
0.0023240371845950
0.0023232658479920
0.0023224950232250
0.0023217247097844
0.0023209549071618
0.0023201856148492
0.0023194168323393
0.0023186485591255
0.0023178807947020
0.0023171135385634
0.0023163467902052
0.0023155805491234
0.0023148148148148
0.0023140495867769
0.0023132848645076
0.0023125206475058
0.0023117569352708
0.0023109937273027
0.0023102310231023
0.0023094688221709
0.0023087071240106
0.0023079459281240
0.0023071852340145
0.0023064250411862
0.0023056653491436
0.0023049061573922
0.0023041474654378
0.0023033892727871
0.0023026315789474
0.0023018743834265
0.0023011176857331
0.0023003614853763
0.0022996057818660
0.0022988505747126
0.0022980958634274
0.0022973416475222
0.0022965879265092
0.0022958346999016
0.0022950819672131
0.0022943297279580
0.0022935779816514
0.0022928267278087
0.0022920759659463
0.0022913256955810
0.0022905759162304
0.0022898266274125
0.0022890778286462
0.0022883295194508
0.0022875816993464
0.0022868343678536
0.0022860875244938
0.0022853411687888
0.0022845953002611
0.0022838499184339
0.0022831050228311
0.0022823606129769
0.0022816166883963
0.0022808732486152
0.0022801302931596
0.0022793878215565
0.0022786458333333
0.0022779043280182
0.0022771633051399
0.0022764227642276
0.0022756827048114
0.0022749431264218
0.0022742040285900
0.0022734654108477
0.0022727272727273
0.0022719896137618
0.0022712524334848
0.0022705157314304
0.0022697795071336
0.0022690437601297
0.0022683084899546
0.0022675736961451
0.0022668393782383
0.0022661055357721
0.0022653721682848
0.0022646392753154
0.0022639068564036
0.0022631749110896
0.0022624434389140
0.0022617124394184
0.0022609819121447
0.0022602518566355
0.0022595222724338
0.0022587931590836
0.0022580645161290
0.0022573363431151
0.0022566086395874
0.0022558814050918
0.0022551546391753
0.0022544283413849
0.0022537025112685
0.0022529771483746
0.0022522522522523
0.0022515278224509
0.0022508038585209
0.0022500803600129
0.0022493573264781
0.0022486347574687
0.0022479126525369
0.0022471910112360
0.0022464698331194
0.0022457491177414
0.0022450288646568
0.0022443090734210
0.0022435897435897
0.0022428708747196
0.0022421524663677
0.0022414345180916
0.0022407170294494
0.0022400000000000
0.0022392834293026
0.0022385673169172
0.0022378516624041
0.0022371364653244
0.0022364217252396
0.0022357074417119
0.0022349936143040
0.0022342802425790
0.0022335673261008
0.0022328548644338
0.0022321428571429
0.0022314313037934
0.0022307202039516
0.0022300095571838
0.0022292993630573
0.0022285896211398
0.0022278803309994
0.0022271714922049
0.0022264631043257
0.0022257551669316
0.0022250476795931
0.0022243406418812
0.0022236340533672
0.0022229279136234
0.0022222222222222
0.0022215169787369
0.0022208121827411
0.0022201078338091
0.0022194039315155
0.0022187004754358
0.0022179974651458
0.0022172949002217
0.0022165927802407
0.0022158911047800
0.0022151898734177
0.0022144890857324
0.0022137887413030
0.0022130888397091
0.0022123893805310
0.0022116903633491
0.0022109917877448
0.0022102936532997
0.0022095959595960
0.0022088987062165
0.0022082018927445
0.0022075055187638
0.0022068095838588
0.0022061140876142
0.0022054190296156
0.0022047244094488
0.0022040302267003
0.0022033364809569
0.0022026431718062
0.0022019502988361
0.0022012578616352
0.0022005658597925
0.0021998742928975
0.0021991831605404
0.0021984924623116
0.0021978021978022
0.0021971123666039
0.0021964229683088
0.0021957340025094
0.0021950454687990
0.0021943573667712
0.0021936696960201
0.0021929824561404
0.0021922956467272
0.0021916092673763
0.0021909233176839
0.0021902377972466
0.0021895527056616
0.0021888680425266
0.0021881838074398
0.0021875000000000
0.0021868166198063
0.0021861336664585
0.0021854511395567
0.0021847690387016
0.0021840873634945
0.0021834061135371
0.0021827252884316
0.0021820448877805
0.0021813649111873
0.0021806853582555
0.0021800062285892
0.0021793275217933
0.0021786492374728
0.0021779713752334
0.0021772939346812
0.0021766169154229
0.0021759403170656
0.0021752641392169
0.0021745883814849
0.0021739130434783
0.0021732381248060
0.0021725636250776
0.0021718895439032
0.0021712158808933
0.0021705426356589
0.0021698698078115
0.0021691973969631
0.0021685254027261
0.0021678538247135
0.0021671826625387
0.0021665119158155
0.0021658415841584
0.0021651716671822
0.0021645021645022
0.0021638330757342
0.0021631644004944
0.0021624961383998
0.0021618282890673
0.0021611608521149
0.0021604938271605
0.0021598272138229
0.0021591610117212
0.0021584952204749
0.0021578298397041
0.0021571648690293
0.0021565003080715
0.0021558361564521
0.0021551724137931
0.0021545090797168
0.0021538461538462
0.0021531836358044
0.0021525215252153
0.0021518598217030
0.0021511985248924
0.0021505376344086
0.0021498771498771
0.0021492170709242
0.0021485573971762
0.0021478981282602
0.0021472392638037
0.0021465808034345
0.0021459227467811
0.0021452650934723
0.0021446078431373
0.0021439509954058
0.0021432945499081
0.0021426385062749
0.0021419828641371
0.0021413276231263
0.0021406727828746
0.0021400183430144
0.0021393643031785
0.0021387106630003
0.0021380574221136
0.0021374045801527
0.0021367521367521
0.0021361000915471
0.0021354484441733
0.0021347971942665
0.0021341463414634
0.0021334958854008
0.0021328458257160
0.0021321961620469
0.0021315468940317
0.0021308980213090
0.0021302495435180
0.0021296014602981
0.0021289537712895
0.0021283064761326
0.0021276595744681
0.0021270130659374
0.0021263669501823
0.0021257212268448
0.0021250758955677
0.0021244309559939
0.0021237864077670
0.0021231422505308
0.0021224984839297
0.0021218551076084
0.0021212121212121
0.0021205695243865
0.0021199273167777
0.0021192854980321
0.0021186440677966
0.0021180030257186
0.0021173623714459
0.0021167221046265
0.0021160822249093
0.0021154427319432
0.0021148036253776
0.0021141649048626
0.0021135265700483
0.0021128886205856
0.0021122510561255
0.0021116138763198
0.0021109770808203
0.0021103406692795
0.0021097046413502
0.0021090689966857
0.0021084337349398
0.0021077988557663
0.0021071643588200
0.0021065302437556
0.0021058965102286
0.0021052631578947
0.0021046301864101
0.0021039975954313
0.0021033653846154
0.0021027335536197
0.0021021021021021
0.0021014710297208
0.0021008403361345
0.0021002100210021
0.0020995800839832
0.0020989505247376
0.0020983213429257
0.0020976925382080
0.0020970641102457
0.0020964360587002
0.0020958083832335
0.0020951810835079
0.0020945541591861
0.0020939276099312
0.0020933014354067
0.0020926756352765
0.0020920502092050
0.0020914251568569
0.0020908004778973
0.0020901761719916
0.0020895522388060
0.0020889286780066
0.0020883054892601
0.0020876826722338
0.0020870602265951
0.0020864381520119
0.0020858164481526
0.0020851951146857
0.0020845741512805
0.0020839535576064
0.0020833333333333
0.0020827134781315
0.0020820939916716
0.0020814748736247
0.0020808561236623
0.0020802377414562
0.0020796197266786
0.0020790020790021
0.0020783847980998
0.0020777678836450
0.0020771513353116
0.0020765351527737
0.0020759193357058
0.0020753038837830
0.0020746887966805
0.0020740740740741
0.0020734597156398
0.0020728457210542
0.0020722320899941
0.0020716188221367
0.0020710059171598
0.0020703933747412
0.0020697811945594
0.0020691693762932
0.0020685579196217
0.0020679468242245
0.0020673360897815
0.0020667257159728
0.0020661157024793
0.0020655060489820
0.0020648967551622
0.0020642878207019
0.0020636792452830
0.0020630710285883
0.0020624631703005
0.0020618556701031
0.0020612485276796
0.0020606417427142
0.0020600353148911
0.0020594292438953
0.0020588235294118
0.0020582181711261
0.0020576131687243
0.0020570085218924
0.0020564042303173
0.0020558002936858
0.0020551967116853
0.0020545934840035
0.0020539906103286
0.0020533880903491
0.0020527859237537
0.0020521841102316
0.0020515826494725
0.0020509815411661
0.0020503807850029
0.0020497803806735
0.0020491803278689
0.0020485806262804
0.0020479812755998
0.0020473822755192
0.0020467836257310
0.0020461853259281
0.0020455873758036
0.0020449897750511
0.0020443925233645
0.0020437956204380
0.0020431990659661
0.0020426028596440
0.0020420070011669
0.0020414114902304
0.0020408163265306
0.0020402215097639
0.0020396270396270
0.0020390329158171
0.0020384391380315
0.0020378457059680
0.0020372526193248
0.0020366598778004
0.0020360674810937
0.0020354754289038
0.0020348837209302
0.0020342923568730
0.0020337013364323
0.0020331106593087
0.0020325203252033
0.0020319303338171
0.0020313406848520
0.0020307513780099
0.0020301624129930
0.0020295737895042
0.0020289855072464
0.0020283975659229
0.0020278099652375
0.0020272227048943
0.0020266357845976
0.0020260492040521
0.0020254629629630
0.0020248770610356
0.0020242914979757
0.0020237062734894
0.0020231213872832
0.0020225368390639
0.0020219526285384
0.0020213687554144
0.0020207852193995
0.0020202020202020
0.0020196191575303
0.0020190366310932
0.0020184544405998
0.0020178725857596
0.0020172910662824
0.0020167098818784
0.0020161290322581
0.0020155485171322
0.0020149683362119
0.0020143884892086
0.0020138089758343
0.0020132297958010
0.0020126509488212
0.0020120724346076
0.0020114942528736
0.0020109164033324
0.0020103388856979
0.0020097616996842
0.0020091848450057
0.0020086083213773
0.0020080321285141
0.0020074562661313
0.0020068807339450
0.0020063055316710
0.0020057306590258
0.0020051561157262
0.0020045819014891
0.0020040080160321
0.0020034344590727
0.0020028612303290
0.0020022883295195
0.0020017157563626
0.0020011435105775
0.0020005715918834
0.0020000000000000
0.0019994287346472
0.0019988577955454
0.0019982871824151
0.0019977168949772
0.0019971469329529
0.0019965772960639
0.0019960079840319
0.0019954389965792
0.0019948703334283
0.0019943019943020
0.0019937339789234
0.0019931662870159
0.0019925989183034
0.0019920318725100
0.0019914651493599
0.0019908987485779
0.0019903326698891
0.0019897669130188
0.0019892014776925
0.0019886363636364
0.0019880715705765
0.0019875070982396
0.0019869429463525
0.0019863791146425
0.0019858156028369
0.0019852524106636
0.0019846895378509
0.0019841269841270
0.0019835647492207
0.0019830028328612
0.0019824412347777
0.0019818799546999
0.0019813189923578
0.0019807583474816
0.0019801980198020
0.0019796380090498
0.0019790783149562
0.0019785189372527
0.0019779598756711
0.0019774011299435
0.0019768426998023
0.0019762845849802
0.0019757267852103
0.0019751693002257
0.0019746121297602
0.0019740552735477
0.0019734987313222
0.0019729425028185
0.0019723865877712
0.0019718309859155
0.0019712756969868
0.0019707207207207
0.0019701660568534
0.0019696117051210
0.0019690576652602
0.0019685039370079
0.0019679505201012
0.0019673974142777
0.0019668446192751
0.0019662921348315
0.0019657399606852
0.0019651880965750
0.0019646365422397
0.0019640852974186
0.0019635343618513
0.0019629837352776
0.0019624334174376
0.0019618834080717
0.0019613337069207
0.0019607843137255
0.0019602352282274
0.0019596864501680
0.0019591379792891
0.0019585898153330
0.0019580419580420
0.0019574944071588
0.0019569471624266
0.0019564002235886
0.0019558535903884
0.0019553072625698
0.0019547612398771
0.0019542155220547
0.0019536701088473
0.0019531250000000
0.0019525801952580
0.0019520356943670
0.0019514914970728
0.0019509476031215
0.0019504040122597
0.0019498607242340
0.0019493177387914
0.0019487750556793
0.0019482326746451
0.0019476905954368
0.0019471488178025
0.0019466073414905
0.0019460661662497
0.0019455252918288
0.0019449847179772
0.0019444444444444
0.0019439044709803
0.0019433647973348
0.0019428254232584
0.0019422863485017
0.0019417475728155
0.0019412090959512
0.0019406709176601
0.0019401330376940
0.0019395954558049
0.0019390581717452
0.0019385211852672
0.0019379844961240
0.0019374481040686
0.0019369120088545
0.0019363762102351
0.0019358407079646
0.0019353055017971
0.0019347705914870
0.0019342359767892
0.0019337016574586
0.0019331676332505
0.0019326339039205
0.0019321004692244
0.0019315673289183
0.0019310344827586
0.0019305019305019
0.0019299696719052
0.0019294377067255
0.0019289060347203
0.0019283746556474
0.0019278435692647
0.0019273127753304
0.0019267822736031
0.0019262520638415
0.0019257221458047
0.0019251925192519
0.0019246631839428
0.0019241341396372
0.0019236053860951
0.0019230769230769
0.0019225487503433
0.0019220208676551
0.0019214932747735
0.0019209659714599
0.0019204389574760
0.0019199122325837
0.0019193857965451
0.0019188596491228
0.0019183337900795
0.0019178082191781
0.0019172829361819
0.0019167579408543
0.0019162332329592
0.0019157088122605
0.0019151846785226
0.0019146608315098
0.0019141372709871
0.0019136139967195
0.0019130910084723
0.0019125683060109
0.0019120458891013
0.0019115237575096
0.0019110019110019
0.0019104803493450
0.0019099590723056
0.0019094380796508
0.0019089173711481
0.0019083969465649
0.0019078768056691
0.0019073569482289
0.0019068373740125
0.0019063180827887
0.0019057990743262
0.0019052803483941
0.0019047619047619
0.0019042437431991
0.0019037258634757
0.0019032082653616
0.0019026909486273
0.0019021739130435
0.0019016571583809
0.0019011406844106
0.0019006244909042
0.0019001085776330
0.0018995929443691
0.0018990775908844
0.0018985625169515
0.0018980477223427
0.0018975332068311
0.0018970189701897
0.0018965050121918
0.0018959913326111
0.0018954779312212
0.0018949648077964
0.0018944519621110
0.0018939393939394
0.0018934271030565
0.0018929150892374
0.0018924033522574
0.0018918918918919
0.0018913807079168
0.0018908698001080
0.0018903591682420
0.0018898488120950
0.0018893387314440
0.0018888289260658
0.0018883193957378
0.0018878101402373
0.0018873011593421
0.0018867924528302
0.0018862840204797
0.0018857758620690
0.0018852679773768
0.0018847603661820
0.0018842530282638
0.0018837459634015
0.0018832391713748
0.0018827326519634
0.0018822264049476
0.0018817204301075
0.0018812147272239
0.0018807092960774
0.0018802041364491
0.0018796992481203
0.0018791946308725
0.0018786902844874
0.0018781862087470
0.0018776824034335
0.0018771788683293
0.0018766756032172
0.0018761726078799
0.0018756698821008
0.0018751674256630
0.0018746652383503
0.0018741633199465
0.0018736616702355
0.0018731602890019
0.0018726591760300
0.0018721583311046
0.0018716577540107
0.0018711574445335
0.0018706574024586
0.0018701576275715
0.0018696581196581
0.0018691588785047
0.0018686599038975
0.0018681611956232
0.0018676627534685
0.0018671645772206
0.0018666666666667
0.0018661690215942
0.0018656716417910
0.0018651745270450
0.0018646776771444
0.0018641810918775
0.0018636847710330
0.0018631887143998
0.0018626929217669
0.0018621973929236
0.0018617021276596
0.0018612071257644
0.0018607123870282
0.0018602179112410
0.0018597236981934
0.0018592297476760
0.0018587360594796
0.0018582426333953
0.0018577494692144
0.0018572565667286
0.0018567639257294
0.0018562715460090
0.0018557794273595
0.0018552875695733
0.0018547959724430
0.0018543046357616
0.0018538135593220
0.0018533227429177
0.0018528321863420
0.0018523418893887
0.0018518518518519
0.0018513620735255
0.0018508725542041
0.0018503832936823
0.0018498942917548
0.0018494055482166
0.0018489170628632
0.0018484288354898
0.0018479408658923
0.0018474531538665
0.0018469656992084
0.0018464785017146
0.0018459915611814
0.0018455048774057
0.0018450184501845
0.0018445322793149
0.0018440463645943
0.0018435607058204
0.0018430753027909
0.0018425901553040
0.0018421052631579
0.0018416206261510
0.0018411362440821
0.0018406521167499
0.0018401682439537
0.0018396846254928
0.0018392012611666
0.0018387181507749
0.0018382352941176
0.0018377526909950
0.0018372703412073
0.0018367882445552
0.0018363064008395
0.0018358248098610
0.0018353434714211
0.0018348623853211
0.0018343815513627
0.0018339009693477
0.0018334206390781
0.0018329405603561
0.0018324607329843
0.0018319811567652
0.0018315018315018
0.0018310227569971
0.0018305439330544
0.0018300653594771
0.0018295870360690
0.0018291089626339
0.0018286311389760
0.0018281535648995
0.0018276762402089
0.0018271991647090
0.0018267223382046
0.0018262457605009
0.0018257694314032
0.0018252933507171
0.0018248175182482
0.0018243419338024
0.0018238665971860
0.0018233915082053
0.0018229166666667
0.0018224420723770
0.0018219677251432
0.0018214936247723
0.0018210197710718
0.0018205461638492
0.0018200728029121
0.0018195996880686
0.0018191268191268
0.0018186541958950
0.0018181818181818
0.0018177096857959
0.0018172377985462
0.0018167661562419
0.0018162947586923
0.0018158236057069
0.0018153526970954
0.0018148820326679
0.0018144116122343
0.0018139414356051
0.0018134715025907
0.0018130018130018
0.0018125323666494
0.0018120631633446
0.0018115942028986
0.0018111254851229
0.0018106570098293
0.0018101887768296
0.0018097207859359
0.0018092530369605
0.0018087855297158
0.0018083182640145
0.0018078512396694
0.0018073844564937
0.0018069179143005
0.0018064516129032
0.0018059855521156
0.0018055197317514
0.0018050541516245
0.0018045888115494
0.0018041237113402
0.0018036588508116
0.0018031942297785
0.0018027298480556
0.0018022657054583
0.0018018018018018
0.0018013381369017
0.0018008747105737
0.0018004115226337
0.0017999485728979
0.0017994858611825
0.0017990233873040
0.0017985611510791
0.0017980991523247
0.0017976373908577
0.0017971758664955
0.0017967145790554
0.0017962535283551
0.0017957927142124
0.0017953321364452
0.0017948717948718
0.0017944116893104
0.0017939518195797
0.0017934921854983
0.0017930327868852
0.0017925736235595
0.0017921146953405
0.0017916560020476
0.0017911975435005
0.0017907393195191
0.0017902813299233
0.0017898235745334
0.0017893660531697
0.0017889087656530
0.0017884517118038
0.0017879948914432
0.0017875383043922
0.0017870819504723
0.0017866258295048
0.0017861699413116
0.0017857142857143
0.0017852588625351
0.0017848036715961
0.0017843487127199
0.0017838939857288
0.0017834394904459
0.0017829852266938
0.0017825311942959
0.0017820773930754
0.0017816238228557
0.0017811704834606
0.0017807173747138
0.0017802644964395
0.0017798118484617
0.0017793594306050
0.0017789072426938
0.0017784552845528
0.0017780035560071
0.0017775520568817
0.0017771007870018
0.0017766497461929
0.0017761989342806
0.0017757483510908
0.0017752979964494
0.0017748478701826
0.0017743979721166
0.0017739483020781
0.0017734988598936
0.0017730496453901
0.0017726006583945
0.0017721518987342
0.0017717033662364
0.0017712550607287
0.0017708069820390
0.0017703591299949
0.0017699115044248
0.0017694641051567
0.0017690169320192
0.0017685699848408
0.0017681232634504
0.0017676767676768
0.0017672304973492
0.0017667844522968
0.0017663386323492
0.0017658930373360
0.0017654476670870
0.0017650025214322
0.0017645576002017
0.0017641129032258
0.0017636684303351
0.0017632241813602
0.0017627801561320
0.0017623363544814
0.0017618927762396
0.0017614494212380
0.0017610062893082
0.0017605633802817
0.0017601206939904
0.0017596782302665
0.0017592359889419
0.0017587939698492
0.0017583521728209
0.0017579105976896
0.0017574692442882
0.0017570281124498
0.0017565872020075
0.0017561465127948
0.0017557060446451
0.0017552657973922
0.0017548257708699
0.0017543859649123
0.0017539463793535
0.0017535070140281
0.0017530678687703
0.0017526289434151
0.0017521902377972
0.0017517517517518
0.0017513134851138
0.0017508754377189
0.0017504376094024
0.0017500000000000
0.0017495626093477
0.0017491254372814
0.0017486884836373
0.0017482517482517
0.0017478152309613
0.0017473789316026
0.0017469428500125
0.0017465069860279
0.0017460713394862
0.0017456359102244
0.0017452006980803
0.0017447657028913
0.0017443309244954
0.0017438963627304
0.0017434620174346
0.0017430278884462
0.0017425939756037
0.0017421602787456
0.0017417267977109
0.0017412935323383
0.0017408604824670
0.0017404276479364
0.0017399950285856
0.0017395626242545
0.0017391304347826
0.0017386984600099
0.0017382666997765
0.0017378351539225
0.0017374038222884
0.0017369727047146
0.0017365418010419
0.0017361111111111
0.0017356806347632
0.0017352503718394
0.0017348203221809
0.0017343904856293
0.0017339608620263
0.0017335314512135
0.0017331022530329
0.0017326732673267
0.0017322444939371
0.0017318159327066
0.0017313875834776
0.0017309594460930
0.0017305315203955
0.0017301038062284
0.0017296763034346
0.0017292490118577
0.0017288219313411
0.0017283950617284
0.0017279684028635
0.0017275419545903
0.0017271157167530
0.0017266896891959
0.0017262638717633
0.0017258382642998
0.0017254128666502
0.0017249876786594
0.0017245627001725
0.0017241379310345
0.0017237133710909
0.0017232890201871
0.0017228648781688
0.0017224409448819
0.0017220172201722
0.0017215937038859
0.0017211703958692
0.0017207472959685
0.0017203244040305
0.0017199017199017
0.0017194792434291
0.0017190569744597
0.0017186349128407
0.0017182130584192
0.0017177914110429
0.0017173699705594
0.0017169487368163
0.0017165277096616
0.0017161068889434
0.0017156862745098
0.0017152658662093
0.0017148456638902
0.0017144256674014
0.0017140058765916
0.0017135862913097
0.0017131669114048
0.0017127477367262
0.0017123287671233
0.0017119100024456
0.0017114914425428
0.0017110730872647
0.0017106549364614
0.0017102369899829
0.0017098192476795
0.0017094017094017
0.0017089843750000
0.0017085672443251
0.0017081503172279
0.0017077335935594
0.0017073170731707
0.0017069007559132
0.0017064846416382
0.0017060687301974
0.0017056530214425
0.0017052375152253
0.0017048222113980
0.0017044071098125
0.0017039922103213
0.0017035775127768
0.0017031630170316
0.0017027487229385
0.0017023346303502
0.0017019207391199
0.0017015070491006
0.0017010935601458
0.0017006802721088
0.0017002671848433
0.0016998542982030
0.0016994416120418
0.0016990291262136
0.0016986168405727
0.0016982047549733
0.0016977928692699
0.0016973811833172
0.0016969696969697
0.0016965584100824
0.0016961473225103
0.0016957364341085
0.0016953257447324
0.0016949152542373
0.0016945049624788
0.0016940948693127
0.0016936849745947
0.0016932752781809
0.0016928657799274
0.0016924564796905
0.0016920473773266
0.0016916384726921
0.0016912297656439
0.0016908212560386
0.0016904129437334
0.0016900048285852
0.0016895969104514
0.0016891891891892
0.0016887816646562
0.0016883743367101
0.0016879672052086
0.0016875602700096
0.0016871535309713
0.0016867469879518
0.0016863406408094
0.0016859344894027
0.0016855285335902
0.0016851227732306
0.0016847172081829
0.0016843118383061
0.0016839066634592
0.0016835016835017
0.0016830968982929
0.0016826923076923
0.0016822879115597
0.0016818837097549
0.0016814797021379
0.0016810758885687
0.0016806722689076
0.0016802688430149
0.0016798656107511
0.0016794625719770
0.0016790597265531
0.0016786570743405
0.0016782546152002
0.0016778523489933
0.0016774502755811
0.0016770483948251
0.0016766467065868
0.0016762452107280
0.0016758439071104
0.0016754427955960
0.0016750418760469
0.0016746411483254
0.0016742406122937
0.0016738402678144
0.0016734401147502
0.0016730401529637
0.0016726403823178
0.0016722408026756
0.0016718414139002
0.0016714422158548
0.0016710432084030
0.0016706443914081
0.0016702457647340
0.0016698473282443
0.0016694490818030
0.0016690510252742
0.0016686531585221
0.0016682554814109
0.0016678579938051
0.0016674606955693
0.0016670635865682
0.0016666666666667
0.0016662699357296
0.0016658733936221
0.0016654770402094
0.0016650808753568
0.0016646848989298
0.0016642891107941
0.0016638935108153
0.0016634980988593
0.0016631028747921
0.0016627078384798
0.0016623129897886
0.0016619183285850
0.0016615238547353
0.0016611295681063
0.0016607354685646
0.0016603415559772
0.0016599478302111
0.0016595542911332
0.0016591609386110
0.0016587677725118
0.0016583747927032
0.0016579819990526
0.0016575893914279
0.0016571969696970
0.0016568047337278
0.0016564126833885
0.0016560208185474
0.0016556291390728
0.0016552376448333
0.0016548463356974
0.0016544552115339
0.0016540642722117
0.0016536735175998
0.0016532829475673
0.0016528925619835
0.0016525023607177
0.0016521123436394
0.0016517225106182
0.0016513328615239
0.0016509433962264
0.0016505541145956
0.0016501650165017
0.0016497761018148
0.0016493873704053
0.0016489988221437
0.0016486104569006
0.0016482222745467
0.0016478342749529
0.0016474464579901
0.0016470588235294
0.0016466713714420
0.0016462841015992
0.0016458970138726
0.0016455101081335
0.0016451233842538
0.0016447368421053
0.0016443504815598
0.0016439643024894
0.0016435783047664
0.0016431924882629
0.0016428068528514
0.0016424213984045
0.0016420361247947
0.0016416510318949
0.0016412661195780
0.0016408813877168
0.0016404968361847
0.0016401124648547
0.0016397282736004
0.0016393442622951
0.0016389604308125
0.0016385767790262
0.0016381933068102
0.0016378100140384
0.0016374269005848
0.0016370439663237
0.0016366612111293
0.0016362786348761
0.0016358962374387
0.0016355140186916
0.0016351319785097
0.0016347501167679
0.0016343684333411
0.0016339869281046
0.0016336056009335
0.0016332244517032
0.0016328434802892
0.0016324626865672
0.0016320820704127
0.0016317016317016
0.0016313213703100
0.0016309412861137
0.0016305613789891
0.0016301816488123
0.0016298020954598
0.0016294227188082
0.0016290435187340
0.0016286644951140
0.0016282856478251
0.0016279069767442
0.0016275284817484
0.0016271501627150
0.0016267720195213
0.0016263940520446
0.0016260162601626
0.0016256386437529
0.0016252612026933
0.0016248839368617
0.0016245068461360
0.0016241299303944
0.0016237531895152
0.0016233766233766
0.0016230002318572
0.0016226240148354
0.0016222479721900
0.0016218721037998
0.0016214964095437
0.0016211208893006
0.0016207455429498
0.0016203703703704
0.0016199953714418
0.0016196205460435
0.0016192458940551
0.0016188714153562
0.0016184971098266
0.0016181229773463
0.0016177490177952
0.0016173752310536
0.0016170016170016
0.0016166281755196
0.0016162549064881
0.0016158818097876
0.0016155088852989
0.0016151361329026
0.0016147635524798
0.0016143911439114
0.0016140189070786
0.0016136468418626
0.0016132749481447
0.0016129032258065
0.0016125316747293
0.0016121602947950
0.0016117890858853
0.0016114180478821
0.0016110471806674
0.0016106764841233
0.0016103059581320
0.0016099356025759
0.0016095654173373
0.0016091954022989
0.0016088255573431
0.0016084558823529
0.0016080863772111
0.0016077170418006
0.0016073478760046
0.0016069788797062
0.0016066100527886
0.0016062413951354
0.0016058729066300
0.0016055045871560
0.0016051364365971
0.0016047684548372
0.0016044006417603
0.0016040329972502
0.0016036655211913
0.0016032982134677
0.0016029310739638
0.0016025641025641
0.0016021972991531
0.0016018306636156
0.0016014641958362
0.0016010978956999
0.0016007317630917
0.0016003657978967
0.0016000000000000
0.0015996343692870
0.0015992689056431
0.0015989036089539
0.0015985384791048
0.0015981735159817
0.0015978087194704
0.0015974440894569
0.0015970796258271
0.0015967153284672
0.0015963511972634
0.0015959872321021
0.0015956234328698
0.0015952597994531
0.0015948963317384
0.0015945330296128
0.0015941698929629
0.0015938069216758
0.0015934441156385
0.0015930814747383
0.0015927189988623
0.0015923566878981
0.0015919945417330
0.0015916325602547
0.0015912707433508
0.0015909090909091
0.0015905476028175
0.0015901862789641
0.0015898251192369
0.0015894641235241
0.0015891032917140
0.0015887426236950
0.0015883821193556
0.0015880217785844
0.0015876616012701
0.0015873015873016
0.0015869417365677
0.0015865820489574
0.0015862225243598
0.0015858631626643
0.0015855039637599
0.0015851449275362
0.0015847860538827
0.0015844273426890
0.0015840687938448
0.0015837104072398
0.0015833521827641
0.0015829941203076
0.0015826362197603
0.0015822784810127
0.0015819209039548
0.0015815634884772
0.0015812062344703
0.0015808491418248
0.0015804922104312
0.0015801354401806
0.0015797788309637
0.0015794223826715
0.0015790660951951
0.0015787099684258
0.0015783540022548
0.0015779981965735
0.0015776425512734
0.0015772870662461
0.0015769317413832
0.0015765765765766
0.0015762215717181
0.0015758667266997
0.0015755120414135
0.0015751575157516
0.0015748031496063
0.0015744489428700
0.0015740948954351
0.0015737410071942
0.0015733872780400
0.0015730337078652
0.0015726802965626
0.0015723270440252
0.0015719739501460
0.0015716210148181
0.0015712682379349
0.0015709156193896
0.0015705631590756
0.0015702108568865
0.0015698587127159
0.0015695067264574
0.0015691548980049
0.0015688032272524
0.0015684517140937
0.0015681003584229
0.0015677491601344
0.0015673981191223
0.0015670472352809
0.0015666965085049
0.0015663459386887
0.0015659955257271
0.0015656452695147
0.0015652951699463
0.0015649452269171
0.0015645954403219
0.0015642458100559
0.0015638963360143
0.0015635470180925
0.0015631978561858
0.0015628488501898
0.0015625000000000
0.0015621513055122
0.0015618027666220
0.0015614543832255
0.0015611061552186
0.0015607580824972
0.0015604101649576
0.0015600624024961
0.0015597147950089
0.0015593673423925
0.0015590200445434
0.0015586729013583
0.0015583259127337
0.0015579790785667
0.0015576323987539
0.0015572858731924
0.0015569395017794
0.0015565932844118
0.0015562472209871
0.0015559013114025
0.0015555555555556
0.0015552099533437
0.0015548645046646
0.0015545192094159
0.0015541740674956
0.0015538290788013
0.0015534842432312
0.0015531395606834
0.0015527950310559
0.0015524506542471
0.0015521064301552
0.0015517623586788
0.0015514184397163
0.0015510746731664
0.0015507310589278
0.0015503875968992
0.0015500442869796
0.0015497011290680
0.0015493581230633
0.0015490152688648
0.0015486725663717
0.0015483300154833
0.0015479876160991
0.0015476453681185
0.0015473032714412
0.0015469613259669
0.0015466195315952
0.0015462778882262
0.0015459363957597
0.0015455950540958
0.0015452538631347
0.0015449128227764
0.0015445719329214
0.0015442311934701
0.0015438906043229
0.0015435501653804
0.0015432098765432
0.0015428697377121
0.0015425297487880
0.0015421899096717
0.0015418502202643
0.0015415106804669
0.0015411712901805
0.0015408320493066
0.0015404929577465
0.0015401540154015
0.0015398152221733
0.0015394765779635
0.0015391380826737
0.0015387997362058
0.0015384615384615
0.0015381234893430
0.0015377855887522
0.0015374478365913
0.0015371102327624
0.0015367727771679
0.0015364354697103
0.0015360983102919
0.0015357612988153
0.0015354244351832
0.0015350877192982
0.0015347511510634
0.0015344147303814
0.0015340784571554
0.0015337423312883
0.0015334063526835
0.0015330705212440
0.0015327348368732
0.0015323992994746
0.0015320639089516
0.0015317286652079
0.0015313935681470
0.0015310586176728
0.0015307238136890
0.0015303891560997
0.0015300546448087
0.0015297202797203
0.0015293860607385
0.0015290519877676
0.0015287180607119
0.0015283842794760
0.0015280506439642
0.0015277171540812
0.0015273838097316
0.0015270506108202
0.0015267175572519
0.0015263846489315
0.0015260518857641
0.0015257192676548
0.0015253867945086
0.0015250544662309
0.0015247222827271
0.0015243902439024
0.0015240583496625
0.0015237265999129
0.0015233949945593
0.0015230635335074
0.0015227322166630
0.0015224010439321
0.0015220700152207
0.0015217391304348
0.0015214083894805
0.0015210777922642
0.0015207473386922
0.0015204170286707
0.0015200868621064
0.0015197568389058
0.0015194269589755
0.0015190972222222
0.0015187676285528
0.0015184381778742
0.0015181088700933
0.0015177797051171
0.0015174506828528
0.0015171218032076
0.0015167930660888
0.0015164644714038
0.0015161360190600
0.0015158077089649
0.0015154795410262
0.0015151515151515
0.0015148236312486
0.0015144958892254
0.0015141682889898
0.0015138408304498
0.0015135135135135
0.0015131863380891
0.0015128593040847
0.0015125324114088
0.0015122056599698
0.0015118790496760
0.0015115525804362
0.0015112262521589
0.0015109000647529
0.0015105740181269
0.0015102481121899
0.0015099223468507
0.0015095967220185
0.0015092712376024
0.0015089458935115
0.0015086206896552
0.0015082956259427
0.0015079707022835
0.0015076459185871
0.0015073212747631
0.0015069967707212
0.0015066724063711
0.0015063481816226
0.0015060240963855
0.0015057001505700
0.0015053763440860
0.0015050526768437
0.0015047291487532
0.0015044057597249
0.0015040825096691
0.0015037593984962
0.0015034364261168
0.0015031135924415
0.0015027908973809
0.0015024683408457
0.0015021459227468
0.0015018236429951
0.0015015015015015
0.0015011794981771
0.0015008576329331
0.0015005359056806
0.0015002143163309
0.0014998928647954
0.0014995715509854
0.0014992503748126
0.0014989293361884
0.0014986084350246
0.0014982876712329
0.0014979670447250
0.0014976465554129
0.0014973262032086
0.0014970059880240
0.0014966859097712
0.0014963659683625
0.0014960461637102
0.0014957264957265
0.0014954069643239
0.0014950875694148
0.0014947683109118
0.0014944491887276
0.0014941302027748
0.0014938113529663
0.0014934926392148
0.0014931740614334
0.0014928556195351
0.0014925373134328
0.0014922191430399
0.0014919011082694
0.0014915832090347
0.0014912654452493
0.0014909478168264
0.0014906303236797
0.0014903129657228
0.0014899957428693
0.0014896786550330
0.0014893617021277
0.0014890448840672
0.0014887282007656
0.0014884116521369
0.0014880952380952
0.0014877789585547
0.0014874628134297
0.0014871468026344
0.0014868309260833
0.0014865151836908
0.0014861995753715
0.0014858841010401
0.0014855687606112
0.0014852535539996
0.0014849384811201
0.0014846235418876
0.0014843087362171
0.0014839940640237
0.0014836795252226
0.0014833651197288
0.0014830508474576
0.0014827367083245
0.0014824227022448
0.0014821088291340
0.0014817950889077
0.0014814814814815
0.0014811680067711
0.0014808546646922
0.0014805414551607
0.0014802283780926
0.0014799154334038
0.0014796026210104
0.0014792899408284
0.0014789773927741
0.0014786649767638
0.0014783526927138
0.0014780405405405
0.0014777285201604
0.0014774166314901
0.0014771048744461
0.0014767932489451
0.0014764817549040
0.0014761703922396
0.0014758591608686
0.0014755480607083
0.0014752370916754
0.0014749262536873
0.0014746155466610
0.0014743049705139
0.0014739945251632
0.0014736842105263
0.0014733740265207
0.0014730639730640
0.0014727540500736
0.0014724442574674
0.0014721345951630
0.0014718250630782
0.0014715156611310
0.0014712063892392
0.0014708972473209
0.0014705882352941
0.0014702793530771
0.0014699706005880
0.0014696619777451
0.0014693534844668
0.0014690451206716
0.0014687368862778
0.0014684287812041
0.0014681208053691
0.0014678129586915
0.0014675052410901
0.0014671976524838
0.0014668901927913
0.0014665828619317
0.0014662756598240
0.0014659685863874
0.0014656616415410
0.0014653548252041
0.0014650481372959
0.0014647415777359
0.0014644351464435
0.0014641288433382
0.0014638226683396
0.0014635166213673
0.0014632107023411
0.0014629049111808
0.0014625992478061
0.0014622937121370
0.0014619883040936
0.0014616830235957
0.0014613778705637
0.0014610728449176
0.0014607679465776
0.0014604631754642
0.0014601585314977
0.0014598540145985
0.0014595496246872
0.0014592453616844
0.0014589412255106
0.0014586372160867
0.0014583333333333
0.0014580295771714
0.0014577259475219
0.0014574224443056
0.0014571190674438
0.0014568158168574
0.0014565126924677
0.0014562096941960
0.0014559068219634
0.0014556040756914
0.0014553014553015
0.0014549989607150
0.0014546965918537
0.0014543943486391
0.0014540922309929
0.0014537902388370
0.0014534883720930
0.0014531866306830
0.0014528850145289
0.0014525835235526
0.0014522821576763
0.0014519809168222
0.0014516798009125
0.0014513788098694
0.0014510779436153
0.0014507772020725
0.0014504765851637
0.0014501760928113
0.0014498757249379
0.0014495754814661
0.0014492753623188
0.0014489753674188
0.0014486754966887
0.0014483757500517
0.0014480761274307
0.0014477766287487
0.0014474772539289
0.0014471780028944
0.0014468788755684
0.0014465798718744
0.0014462809917355
0.0014459822350754
0.0014456836018174
0.0014453850918852
0.0014450867052023
0.0014447884416925
0.0014444903012794
0.0014441922838869
0.0014438943894389
0.0014435966178594
0.0014432989690722
0.0014430014430014
0.0014427040395713
0.0014424067587060
0.0014421096003296
0.0014418125643666
0.0014415156507414
0.0014412188593782
0.0014409221902017
0.0014406256431364
0.0014403292181070
0.0014400329150381
0.0014397367338544
0.0014394406744808
0.0014391447368421
0.0014388489208633
0.0014385532264694
0.0014382576535854
0.0014379622021364
0.0014376668720476
0.0014373716632444
0.0014370765756518
0.0014367816091954
0.0014364867638005
0.0014361920393927
0.0014358974358974
0.0014356029532404
0.0014353085913471
0.0014350143501435
0.0014347202295552
0.0014344262295082
0.0014341323499283
0.0014338385907415
0.0014335449518738
0.0014332514332514
0.0014329580348004
0.0014326647564470
0.0014323715981175
0.0014320785597381
0.0014317856412354
0.0014314928425358
0.0014312001635657
0.0014309076042518
0.0014306151645207
0.0014303228442991
0.0014300306435138
0.0014297385620915
0.0014294465999592
0.0014291547570437
0.0014288630332721
0.0014285714285714
0.0014282799428688
0.0014279885760914
0.0014276973281664
0.0014274061990212
0.0014271151885831
0.0014268242967795
0.0014265335235378
0.0014262428687857
0.0014259523324506
0.0014256619144603
0.0014253716147424
0.0014250814332248
0.0014247913698351
0.0014245014245014
0.0014242115971516
0.0014239218877136
0.0014236322961155
0.0014233428222855
0.0014230534661517
0.0014227642276423
0.0014224751066856
0.0014221861032101
0.0014218972171440
0.0014216084484159
0.0014213197969543
0.0014210312626878
0.0014207428455450
0.0014204545454545
0.0014201663623453
0.0014198782961460
0.0014195903467856
0.0014193025141930
0.0014190147982972
0.0014187271990272
0.0014184397163121
0.0014181523500810
0.0014178651002633
0.0014175779667882
0.0014172909495849
0.0014170040485830
0.0014167172637118
0.0014164305949008
0.0014161440420797
0.0014158576051780
0.0014155712841254
0.0014152850788516
0.0014149989892864
0.0014147130153597
0.0014144271570014
0.0014141414141414
0.0014138557867098
0.0014135702746365
0.0014132848778518
0.0014129995962858
0.0014127144298688
0.0014124293785311
0.0014121444422029
0.0014118596208148
0.0014115749142972
0.0014112903225806
0.0014110058455956
0.0014107214832729
0.0014104372355430
0.0014101531023368
0.0014098690835851
0.0014095851792187
0.0014093013891685
0.0014090177133655
0.0014087341517408
0.0014084507042254
0.0014081673707504
0.0014078841512470
0.0014076010456465
0.0014073180538802
0.0014070351758794
0.0014067524115756
0.0014064697609001
0.0014061872237847
0.0014059048001607
0.0014056224899598
0.0014053402931138
0.0014050582095544
0.0014047762392133
0.0014044943820225
0.0014042126379137
0.0014039310068191
0.0014036494886705
0.0014033680834002
0.0014030867909401
0.0014028056112224
0.0014025245441795
0.0014022435897436
0.0014019627478470
0.0014016820184221
0.0014014014014014
0.0014011208967174
0.0014008405043026
0.0014005602240896
0.0014002800560112
